name,ward,lat,lng,zone,railway_stations,metro_stations,bus_stops,colleges,schools,offices,malls,hospitals,parking_lots,tourist_spots,existing_cafes,existing_restaurants,existing_gyms,restaurant_count,restaurant_rating,restaurant_viability,restaurant_viability_norm,cafe_count,cafe_rating,cafe_viability,cafe_viability_norm,gym_count,gym_rating,gym_viability,gym_viability_norm,pharmacy_count,pharmacy_rating,pharmacy_viability,pharmacy_viability_norm,beauty_salon_count,beauty_salon_rating,beauty_salon_viability,beauty_salon_viability_norm,store_count,store_rating,store_viability,store_viability_norm,school_count,school_rating,school_viability,school_viability_norm,lodging_count,lodging_rating,lodging_viability,lodging_viability_norm,bar_count,bar_rating,bar_viability,bar_viability_norm,night_club_count,night_club_rating,night_club_viability,night_club_viability_norm,reckoner_rate,est_rent_sqft,rent_tier,overall_footfall,morning_footfall,afternoon_footfall,evening_footfall,office_hr_footfall,weekend_footfall,norm_offices,norm_colleges,norm_rent,cluster_id,cluster_label
Grid_1,G,18.89,72.77,South Mumbai,0,0,0,0,0,0,0,0,0,0,0,0,0,0,0.0,0.0,0.0,0,0.0,0.0,0.0,0,0.0,0.0,0.0,0,0.0,0.0,0.0,0,0.0,0.0,0.0,0,0.0,0.0,0.0,0,0.0,0.0,0.0,0,0.0,0.0,0.0,0,0.0,0.0,0.0,0,0.0,0.0,0.0,,,,0.0,0.0,0.0,0.0,0.0,0.0,0.0,0.0,,0,Mixed-Use Locality
Grid_2,G,18.89,72.79,South Mumbai,0,0,0,0,0,0,0,0,0,0,0,0,0,0,0.0,0.0,0.0,0,0.0,0.0,0.0,0,0.0,0.0,0.0,0,0.0,0.0,0.0,0,0.0,0.0,0.0,0,0.0,0.0,0.0,0,0.0,0.0,0.0,0,0.0,0.0,0.0,0,0.0,0.0,0.0,0,0.0,0.0,0.0,,,,0.0,0.0,0.0,0.0,0.0,0.0,0.0,0.0,,0,Mixed-Use Locality
Grid_3,G,18.89,72.81,South Mumbai,0,0,2,4,4,8,0,4,4,0,0,0,0,0,0.0,0.0,0.0,0,0.0,0.0,0.0,0,0.0,0.0,0.0,0,0.0,0.0,0.0,0,0.0,0.0,0.0,0,0.0,0.0,0.0,4,3.75,24.13,1.3,0,0.0,0.0,0.0,0,0.0,0.0,0.0,0,0.0,0.0,0.0,,,,3.7,6.2,4.1,2.0,5.1,2.1,10.0,10.526315789473683,,0,Mixed-Use Locality
Grid_4,G,18.89,72.83,South Mumbai,0,0,0,0,0,0,0,0,0,0,0,0,0,0,0.0,0.0,0.0,0,0.0,0.0,0.0,0,0.0,0.0,0.0,0,0.0,0.0,0.0,0,0.0,0.0,0.0,0,0.0,0.0,0.0,0,0.0,0.0,0.0,0,0.0,0.0,0.0,0,0.0,0.0,0.0,0,0.0,0.0,0.0,,,,0.0,0.0,0.0,0.0,0.0,0.0,0.0,0.0,,0,Mixed-Use Locality
Grid_5,G,18.89,72.85,South Mumbai,0,0,0,0,0,0,0,0,0,0,0,0,0,0,0.0,0.0,0.0,0,0.0,0.0,0.0,0,0.0,0.0,0.0,0,0.0,0.0,0.0,0,0.0,0.0,0.0,0,0.0,0.0,0.0,0,0.0,0.0,0.0,0,0.0,0.0,0.0,0,0.0,0.0,0.0,0,0.0,0.0,0.0,,,,0.0,0.0,0.0,0.0,0.0,0.0,0.0,0.0,,0,Mixed-Use Locality
Grid_6,G,18.89,72.87,South Mumbai,0,0,0,0,0,0,0,0,0,0,0,0,0,0,0.0,0.0,0.0,0,0.0,0.0,0.0,0,0.0,0.0,0.0,0,0.0,0.0,0.0,0,0.0,0.0,0.0,0,0.0,0.0,0.0,0,0.0,0.0,0.0,0,0.0,0.0,0.0,0,0.0,0.0,0.0,0,0.0,0.0,0.0,,,,0.0,0.0,0.0,0.0,0.0,0.0,0.0,0.0,,0,Mixed-Use Locality
Grid_7,G,18.89,72.89,South Mumbai,0,0,0,0,0,0,0,0,0,0,0,0,0,0,0.0,0.0,0.0,0,0.0,0.0,0.0,0,0.0,0.0,0.0,0,0.0,0.0,0.0,0,0.0,0.0,0.0,0,0.0,0.0,0.0,0,0.0,0.0,0.0,0,0.0,0.0,0.0,0,0.0,0.0,0.0,0,0.0,0.0,0.0,,,,0.0,0.0,0.0,0.0,0.0,0.0,0.0,0.0,,0,Mixed-Use Locality
Grid_8,G,18.89,72.91,South Mumbai,0,0,0,0,0,0,0,0,0,0,0,0,0,0,0.0,0.0,0.0,0,0.0,0.0,0.0,0,0.0,0.0,0.0,0,0.0,0.0,0.0,0,0.0,0.0,0.0,0,0.0,0.0,0.0,0,0.0,0.0,0.0,0,0.0,0.0,0.0,0,0.0,0.0,0.0,0,0.0,0.0,0.0,,,,0.0,0.0,0.0,0.0,0.0,0.0,0.0,0.0,,0,Mixed-Use Locality
Grid_9,G,18.89,72.93,South Mumbai,0,0,0,0,0,0,0,0,0,0,0,0,0,0,0.0,0.0,0.0,0,0.0,0.0,0.0,0,0.0,0.0,0.0,0,0.0,0.0,0.0,0,0.0,0.0,0.0,0,0.0,0.0,0.0,0,0.0,0.0,0.0,0,0.0,0.0,0.0,0,0.0,0.0,0.0,0,0.0,0.0,0.0,,,,0.0,0.0,0.0,0.0,0.0,0.0,0.0,0.0,,0,Mixed-Use Locality
Grid_10,G,18.89,72.95,South Mumbai,0,0,0,0,0,0,0,0,0,0,0,0,0,0,0.0,0.0,0.0,0,0.0,0.0,0.0,0,0.0,0.0,0.0,0,0.0,0.0,0.0,0,0.0,0.0,0.0,2,3.83,8.42,0.0,0,0.0,0.0,0.0,0,0.0,0.0,0.0,0,0.0,0.0,0.0,0,0.0,0.0,0.0,,,,0.0,0.0,0.0,0.0,0.0,0.0,0.0,0.0,,0,Mixed-Use Locality
Grid_11,G,18.89,72.97,Navi Mumbai,2,0,14,0,2,0,0,4,0,2,0,0,0,0,0.0,0.0,0.0,0,0.0,0.0,0.0,0,0.0,0.0,0.0,0,0.0,0.0,0.0,0,0.0,0.0,0.0,0,0.0,0.0,0.0,0,0.0,0.0,0.0,0,0.0,0.0,0.0,0,0.0,0.0,0.0,0,0.0,0.0,0.0,,,,0.8,0.8,0.4,0.6,1.3,0.5,0.0,0.0,,0,Mixed-Use Locality
Grid_12,G,18.89,72.99,Navi Mumbai,0,0,0,0,0,0,0,0,0,0,0,0,0,0,0.0,0.0,0.0,0,0.0,0.0,0.0,0,0.0,0.0,0.0,0,0.0,0.0,0.0,0,0.0,0.0,0.0,4,4.22,27.15,0.1,2,3.89,8.54,0.5,0,0.0,0.0,0.0,0,0.0,0.0,0.0,0,0.0,0.0,0.0,,,,0.0,0.0,0.0,0.0,0.0,0.0,0.0,0.0,,0,Mixed-Use Locality
Grid_13,G,18.89,73.01,Navi Mumbai,0,0,0,0,0,0,0,0,0,0,0,0,0,0,0.0,0.0,0.0,0,0.0,0.0,0.0,0,0.0,0.0,0.0,0,0.0,0.0,0.0,0,0.0,0.0,0.0,0,0.0,0.0,0.0,0,0.0,0.0,0.0,0,0.0,0.0,0.0,0,0.0,0.0,0.0,0,0.0,0.0,0.0,,,,0.0,0.0,0.0,0.0,0.0,0.0,0.0,0.0,,0,Mixed-Use Locality
Grid_14,G,18.89,73.03,Navi Mumbai,0,0,0,0,0,0,0,0,0,0,0,0,0,0,0.0,0.0,0.0,0,0.0,0.0,0.0,0,0.0,0.0,0.0,0,0.0,0.0,0.0,0,0.0,0.0,0.0,0,0.0,0.0,0.0,0,0.0,0.0,0.0,0,0.0,0.0,0.0,0,0.0,0.0,0.0,0,0.0,0.0,0.0,,,,0.0,0.0,0.0,0.0,0.0,0.0,0.0,0.0,,0,Mixed-Use Locality
Grid_15,G,18.89,73.05,Navi Mumbai,0,0,0,0,0,0,0,0,0,0,0,0,0,0,0.0,0.0,0.0,0,0.0,0.0,0.0,0,0.0,0.0,0.0,0,0.0,0.0,0.0,0,0.0,0.0,0.0,0,0.0,0.0,0.0,0,0.0,0.0,0.0,0,0.0,0.0,0.0,0,0.0,0.0,0.0,0,0.0,0.0,0.0,,,,0.0,0.0,0.0,0.0,0.0,0.0,0.0,0.0,,0,Mixed-Use Locality
Grid_16,G,18.89,73.07,Navi Mumbai,0,0,0,0,0,0,0,0,0,0,0,0,0,0,0.0,0.0,0.0,0,0.0,0.0,0.0,0,0.0,0.0,0.0,0,0.0,0.0,0.0,0,0.0,0.0,0.0,0,0.0,0.0,0.0,0,0.0,0.0,0.0,0,0.0,0.0,0.0,0,0.0,0.0,0.0,0,0.0,0.0,0.0,,,,0.0,0.0,0.0,0.0,0.0,0.0,0.0,0.0,,0,Mixed-Use Locality
Grid_17,G,18.89,73.09,Navi Mumbai,0,0,0,0,0,0,0,0,0,0,0,0,0,0,0.0,0.0,0.0,0,0.0,0.0,0.0,0,0.0,0.0,0.0,0,0.0,0.0,0.0,0,0.0,0.0,0.0,0,0.0,0.0,0.0,0,0.0,0.0,0.0,0,0.0,0.0,0.0,0,0.0,0.0,0.0,0,0.0,0.0,0.0,,,,0.0,0.0,0.0,0.0,0.0,0.0,0.0,0.0,,0,Mixed-Use Locality
Grid_18,G,18.89,73.11,Navi Mumbai,0,0,0,0,0,0,0,0,0,0,0,0,0,0,0.0,0.0,0.0,0,0.0,0.0,0.0,0,0.0,0.0,0.0,0,0.0,0.0,0.0,0,0.0,0.0,0.0,0,0.0,0.0,0.0,0,0.0,0.0,0.0,2,3.67,8.06,0.9,0,0.0,0.0,0.0,0,0.0,0.0,0.0,,,,0.0,0.0,0.0,0.0,0.0,0.0,0.0,0.0,,0,Mixed-Use Locality
Grid_19,G,18.89,73.13,Navi Mumbai,0,0,0,0,0,0,0,0,0,2,0,0,0,0,0.0,0.0,0.0,0,0.0,0.0,0.0,0,0.0,0.0,0.0,0,0.0,0.0,0.0,0,0.0,0.0,0.0,0,0.0,0.0,0.0,0,0.0,0.0,0.0,0,0.0,0.0,0.0,0,0.0,0.0,0.0,0,0.0,0.0,0.0,,,,0.2,0.0,0.4,0.5,0.0,0.5,0.0,0.0,,0,Mixed-Use Locality
Grid_20,G,18.89,73.15,Navi Mumbai,0,0,0,0,0,0,0,0,0,0,0,0,0,0,0.0,0.0,0.0,0,0.0,0.0,0.0,0,0.0,0.0,0.0,0,0.0,0.0,0.0,0,0.0,0.0,0.0,0,0.0,0.0,0.0,0,0.0,0.0,0.0,0,0.0,0.0,0.0,0,0.0,0.0,0.0,0,0.0,0.0,0.0,,,,0.0,0.0,0.0,0.0,0.0,0.0,0.0,0.0,,0,Mixed-Use Locality
Grid_21,G,18.90708,72.77,South Mumbai,0,0,0,0,0,0,0,0,0,0,0,0,0,0,0.0,0.0,0.0,0,0.0,0.0,0.0,0,0.0,0.0,0.0,0,0.0,0.0,0.0,0,0.0,0.0,0.0,0,0.0,0.0,0.0,0,0.0,0.0,0.0,0,0.0,0.0,0.0,0,0.0,0.0,0.0,0,0.0,0.0,0.0,,,,0.0,0.0,0.0,0.0,0.0,0.0,0.0,0.0,,0,Mixed-Use Locality
Grid_22,G,18.90708,72.79,South Mumbai,0,0,0,0,0,0,0,0,0,0,0,0,0,0,0.0,0.0,0.0,0,0.0,0.0,0.0,0,0.0,0.0,0.0,0,0.0,0.0,0.0,0,0.0,0.0,0.0,0,0.0,0.0,0.0,0,0.0,0.0,0.0,0,0.0,0.0,0.0,0,0.0,0.0,0.0,0,0.0,0.0,0.0,,,,0.0,0.0,0.0,0.0,0.0,0.0,0.0,0.0,,0,Mixed-Use Locality
Grid_23,G,18.90708,72.81,South Mumbai,2,6,20,8,18,30,4,8,6,14,2,10,2,10,4.14,99.18,2.0,2,3.84,8.44,0.3,2,3.83,8.41,4.1,0,0.0,0.0,0.0,0,0.0,0.0,0.0,20,4.43,270.01,0.8,18,4.59,243.15,13.5,10,4.57,109.64,12.9,0,0.0,0.0,0.0,0,0.0,0.0,0.0,,,,18.9,21.2,23.8,19.6,21.4,17.9,37.5,21.052631578947366,,1,Corporate Hub
Grid_24,G,18.90708,72.83,South Mumbai,0,0,0,0,0,0,0,0,0,0,0,0,0,0,0.0,0.0,0.0,0,0.0,0.0,0.0,0,0.0,0.0,0.0,0,0.0,0.0,0.0,0,0.0,0.0,0.0,0,0.0,0.0,0.0,0,0.0,0.0,0.0,0,0.0,0.0,0.0,0,0.0,0.0,0.0,0,0.0,0.0,0.0,,,,0.0,0.0,0.0,0.0,0.0,0.0,0.0,0.0,,0,Mixed-Use Locality
Grid_25,G,18.90708,72.85,South Mumbai,0,0,0,0,0,0,0,0,0,0,0,0,0,0,0.0,0.0,0.0,0,0.0,0.0,0.0,0,0.0,0.0,0.0,0,0.0,0.0,0.0,0,0.0,0.0,0.0,0,0.0,0.0,0.0,0,0.0,0.0,0.0,0,0.0,0.0,0.0,0,0.0,0.0,0.0,0,0.0,0.0,0.0,,,,0.0,0.0,0.0,0.0,0.0,0.0,0.0,0.0,,0,Mixed-Use Locality
Grid_26,G,18.90708,72.87,South Mumbai,0,0,0,0,0,0,0,0,0,0,0,0,0,0,0.0,0.0,0.0,0,0.0,0.0,0.0,0,0.0,0.0,0.0,0,0.0,0.0,0.0,0,0.0,0.0,0.0,0,0.0,0.0,0.0,0,0.0,0.0,0.0,0,0.0,0.0,0.0,0,0.0,0.0,0.0,0,0.0,0.0,0.0,,,,0.0,0.0,0.0,0.0,0.0,0.0,0.0,0.0,,0,Mixed-Use Locality
Grid_27,G,18.90708,72.89,South Mumbai,0,0,0,0,0,0,0,0,0,0,0,0,0,0,0.0,0.0,0.0,0,0.0,0.0,0.0,0,0.0,0.0,0.0,0,0.0,0.0,0.0,0,0.0,0.0,0.0,0,0.0,0.0,0.0,0,0.0,0.0,0.0,0,0.0,0.0,0.0,0,0.0,0.0,0.0,0,0.0,0.0,0.0,,,,0.0,0.0,0.0,0.0,0.0,0.0,0.0,0.0,,0,Mixed-Use Locality
Grid_28,G,18.90708,72.91,South Mumbai,0,0,0,0,0,0,0,0,0,0,0,0,0,0,0.0,0.0,0.0,0,0.0,0.0,0.0,0,0.0,0.0,0.0,0,0.0,0.0,0.0,0,0.0,0.0,0.0,0,0.0,0.0,0.0,0,0.0,0.0,0.0,0,0.0,0.0,0.0,0,0.0,0.0,0.0,0,0.0,0.0,0.0,,,,0.0,0.0,0.0,0.0,0.0,0.0,0.0,0.0,,0,Mixed-Use Locality
Grid_29,G,18.90708,72.93,South Mumbai,0,0,0,0,0,0,0,0,0,0,0,0,0,0,0.0,0.0,0.0,0,0.0,0.0,0.0,0,0.0,0.0,0.0,0,0.0,0.0,0.0,0,0.0,0.0,0.0,0,0.0,0.0,0.0,0,0.0,0.0,0.0,0,0.0,0.0,0.0,0,0.0,0.0,0.0,0,0.0,0.0,0.0,,,,0.0,0.0,0.0,0.0,0.0,0.0,0.0,0.0,,0,Mixed-Use Locality
Grid_30,G,18.90708,72.95,South Mumbai,0,0,0,0,0,0,0,0,0,0,0,0,0,0,0.0,0.0,0.0,0,0.0,0.0,0.0,0,0.0,0.0,0.0,0,0.0,0.0,0.0,0,0.0,0.0,0.0,0,0.0,0.0,0.0,0,0.0,0.0,0.0,0,0.0,0.0,0.0,0,0.0,0.0,0.0,0,0.0,0.0,0.0,,,,0.0,0.0,0.0,0.0,0.0,0.0,0.0,0.0,,0,Mixed-Use Locality
Grid_31,G,18.90708,72.97,Navi Mumbai,0,0,0,0,0,0,0,0,0,0,0,0,0,0,0.0,0.0,0.0,0,0.0,0.0,0.0,0,0.0,0.0,0.0,0,0.0,0.0,0.0,0,0.0,0.0,0.0,0,0.0,0.0,0.0,0,0.0,0.0,0.0,0,0.0,0.0,0.0,0,0.0,0.0,0.0,0,0.0,0.0,0.0,,,,0.0,0.0,0.0,0.0,0.0,0.0,0.0,0.0,,0,Mixed-Use Locality
Grid_32,G,18.90708,72.99,Navi Mumbai,0,0,0,0,0,0,0,0,0,0,0,0,0,0,0.0,0.0,0.0,0,0.0,0.0,0.0,0,0.0,0.0,0.0,0,0.0,0.0,0.0,0,0.0,0.0,0.0,0,0.0,0.0,0.0,0,0.0,0.0,0.0,0,0.0,0.0,0.0,0,0.0,0.0,0.0,0,0.0,0.0,0.0,,,,0.0,0.0,0.0,0.0,0.0,0.0,0.0,0.0,,0,Mixed-Use Locality
Grid_33,G,18.90708,73.01,Navi Mumbai,0,0,0,0,0,0,0,0,0,0,0,0,0,0,0.0,0.0,0.0,0,0.0,0.0,0.0,0,0.0,0.0,0.0,0,0.0,0.0,0.0,0,0.0,0.0,0.0,2,3.75,8.23,0.0,0,0.0,0.0,0.0,0,0.0,0.0,0.0,0,0.0,0.0,0.0,0,0.0,0.0,0.0,,,,0.0,0.0,0.0,0.0,0.0,0.0,0.0,0.0,,0,Mixed-Use Locality
Grid_34,G,18.90708,73.03,Navi Mumbai,0,0,0,0,0,0,0,0,0,0,0,0,0,0,0.0,0.0,0.0,0,0.0,0.0,0.0,0,0.0,0.0,0.0,0,0.0,0.0,0.0,0,0.0,0.0,0.0,2,3.89,8.55,0.0,0,0.0,0.0,0.0,0,0.0,0.0,0.0,0,0.0,0.0,0.0,0,0.0,0.0,0.0,,,,0.0,0.0,0.0,0.0,0.0,0.0,0.0,0.0,,0,Mixed-Use Locality
Grid_35,G,18.90708,73.05,Navi Mumbai,0,0,0,0,0,0,0,0,0,0,0,0,0,0,0.0,0.0,0.0,0,0.0,0.0,0.0,0,0.0,0.0,0.0,0,0.0,0.0,0.0,0,0.0,0.0,0.0,0,0.0,0.0,0.0,0,0.0,0.0,0.0,0,0.0,0.0,0.0,0,0.0,0.0,0.0,0,0.0,0.0,0.0,,,,0.0,0.0,0.0,0.0,0.0,0.0,0.0,0.0,,0,Mixed-Use Locality
Grid_36,G,18.90708,73.07,Navi Mumbai,0,0,0,0,0,0,0,0,0,0,0,0,0,0,0.0,0.0,0.0,0,0.0,0.0,0.0,0,0.0,0.0,0.0,0,0.0,0.0,0.0,0,0.0,0.0,0.0,0,0.0,0.0,0.0,0,0.0,0.0,0.0,0,0.0,0.0,0.0,0,0.0,0.0,0.0,0,0.0,0.0,0.0,,,,0.0,0.0,0.0,0.0,0.0,0.0,0.0,0.0,,0,Mixed-Use Locality
Grid_37,G,18.90708,73.09,Navi Mumbai,0,0,0,0,0,0,0,0,0,0,0,0,0,0,0.0,0.0,0.0,0,0.0,0.0,0.0,0,0.0,0.0,0.0,0,0.0,0.0,0.0,0,0.0,0.0,0.0,0,0.0,0.0,0.0,0,0.0,0.0,0.0,0,0.0,0.0,0.0,0,0.0,0.0,0.0,0,0.0,0.0,0.0,,,,0.0,0.0,0.0,0.0,0.0,0.0,0.0,0.0,,0,Mixed-Use Locality
Grid_38,G,18.90708,73.11,Navi Mumbai,0,0,0,0,0,0,0,0,0,0,0,0,0,0,0.0,0.0,0.0,0,0.0,0.0,0.0,0,0.0,0.0,0.0,0,0.0,0.0,0.0,0,0.0,0.0,0.0,0,0.0,0.0,0.0,0,0.0,0.0,0.0,0,0.0,0.0,0.0,0,0.0,0.0,0.0,0,0.0,0.0,0.0,,,,0.0,0.0,0.0,0.0,0.0,0.0,0.0,0.0,,0,Mixed-Use Locality
Grid_39,G,18.90708,73.13,Navi Mumbai,0,0,0,0,0,0,0,0,0,0,0,0,0,0,0.0,0.0,0.0,0,0.0,0.0,0.0,0,0.0,0.0,0.0,0,0.0,0.0,0.0,0,0.0,0.0,0.0,0,0.0,0.0,0.0,0,0.0,0.0,0.0,0,0.0,0.0,0.0,0,0.0,0.0,0.0,0,0.0,0.0,0.0,,,,0.0,0.0,0.0,0.0,0.0,0.0,0.0,0.0,,0,Mixed-Use Locality
Grid_40,G,18.90708,73.15,Navi Mumbai,2,0,0,0,0,0,0,0,0,0,0,0,0,0,0.0,0.0,0.0,0,0.0,0.0,0.0,0,0.0,0.0,0.0,0,0.0,0.0,0.0,0,0.0,0.0,0.0,0,0.0,0.0,0.0,0,0.0,0.0,0.0,0,0.0,0.0,0.0,0,0.0,0.0,0.0,0,0.0,0.0,0.0,,,,0.3,0.3,0.0,0.1,0.3,0.0,0.0,0.0,,0,Mixed-Use Locality
Grid_41,G,18.92417,72.77,South Mumbai,0,0,0,0,0,0,0,0,0,0,0,0,0,0,0.0,0.0,0.0,0,0.0,0.0,0.0,0,0.0,0.0,0.0,0,0.0,0.0,0.0,0,0.0,0.0,0.0,0,0.0,0.0,0.0,0,0.0,0.0,0.0,0,0.0,0.0,0.0,0,0.0,0.0,0.0,0,0.0,0.0,0.0,,,,0.0,0.0,0.0,0.0,0.0,0.0,0.0,0.0,,0,Mixed-Use Locality
Grid_42,G,18.92417,72.79,South Mumbai,0,0,0,0,0,0,0,0,0,0,0,0,0,0,0.0,0.0,0.0,0,0.0,0.0,0.0,0,0.0,0.0,0.0,0,0.0,0.0,0.0,0,0.0,0.0,0.0,0,0.0,0.0,0.0,0,0.0,0.0,0.0,0,0.0,0.0,0.0,0,0.0,0.0,0.0,0,0.0,0.0,0.0,,,,0.0,0.0,0.0,0.0,0.0,0.0,0.0,0.0,,0,Mixed-Use Locality
Grid_43,G,18.92417,72.81,South Mumbai,0,0,0,0,0,0,0,0,0,0,0,0,0,18,4.26,225.56,4.5,4,3.91,25.19,0.9,0,0.0,0.0,0.0,0,0.0,0.0,0.0,0,0.0,0.0,0.0,18,4.5,238.57,0.7,6,3.81,44.53,2.5,4,4.24,27.27,3.2,8,4.19,73.57,16.9,0,0.0,0.0,0.0,,,,0.0,0.0,0.0,0.0,0.0,0.0,0.0,0.0,,0,Mixed-Use Locality
Grid_44,G,18.92417,72.83,South Mumbai,0,0,0,0,0,0,0,0,0,0,0,0,0,0,0.0,0.0,0.0,0,0.0,0.0,0.0,0,0.0,0.0,0.0,0,0.0,0.0,0.0,0,0.0,0.0,0.0,0,0.0,0.0,0.0,0,0.0,0.0,0.0,0,0.0,0.0,0.0,0,0.0,0.0,0.0,0,0.0,0.0,0.0,,,,0.0,0.0,0.0,0.0,0.0,0.0,0.0,0.0,,0,Mixed-Use Locality
Grid_45,G,18.92417,72.85,South Mumbai,0,0,0,0,0,0,0,0,0,0,0,0,0,2,3.74,8.21,0.2,0,0.0,0.0,0.0,0,0.0,0.0,0.0,0,0.0,0.0,0.0,0,0.0,0.0,0.0,0,0.0,0.0,0.0,0,0.0,0.0,0.0,0,0.0,0.0,0.0,0,0.0,0.0,0.0,0,0.0,0.0,0.0,,,,0.0,0.0,0.0,0.0,0.0,0.0,0.0,0.0,,0,Mixed-Use Locality
Grid_46,G,18.92417,72.87,South Mumbai,0,0,0,0,0,0,0,0,0,0,0,0,0,0,0.0,0.0,0.0,0,0.0,0.0,0.0,0,0.0,0.0,0.0,0,0.0,0.0,0.0,0,0.0,0.0,0.0,0,0.0,0.0,0.0,0,0.0,0.0,0.0,0,0.0,0.0,0.0,0,0.0,0.0,0.0,0,0.0,0.0,0.0,,,,0.0,0.0,0.0,0.0,0.0,0.0,0.0,0.0,,0,Mixed-Use Locality
Grid_47,G,18.92417,72.89,South Mumbai,0,0,0,0,0,0,0,0,0,0,0,0,0,0,0.0,0.0,0.0,0,0.0,0.0,0.0,0,0.0,0.0,0.0,0,0.0,0.0,0.0,0,0.0,0.0,0.0,0,0.0,0.0,0.0,0,0.0,0.0,0.0,0,0.0,0.0,0.0,0,0.0,0.0,0.0,0,0.0,0.0,0.0,,,,0.0,0.0,0.0,0.0,0.0,0.0,0.0,0.0,,0,Mixed-Use Locality
Grid_48,G,18.92417,72.91,South Mumbai,0,0,0,0,0,0,0,0,0,0,0,0,0,0,0.0,0.0,0.0,0,0.0,0.0,0.0,0,0.0,0.0,0.0,0,0.0,0.0,0.0,0,0.0,0.0,0.0,0,0.0,0.0,0.0,0,0.0,0.0,0.0,0,0.0,0.0,0.0,0,0.0,0.0,0.0,0,0.0,0.0,0.0,,,,0.0,0.0,0.0,0.0,0.0,0.0,0.0,0.0,,0,Mixed-Use Locality
Grid_49,G,18.92417,72.93,South Mumbai,0,0,0,0,0,0,0,0,0,0,0,0,0,0,0.0,0.0,0.0,0,0.0,0.0,0.0,0,0.0,0.0,0.0,0,0.0,0.0,0.0,0,0.0,0.0,0.0,0,0.0,0.0,0.0,0,0.0,0.0,0.0,0,0.0,0.0,0.0,0,0.0,0.0,0.0,0,0.0,0.0,0.0,,,,0.0,0.0,0.0,0.0,0.0,0.0,0.0,0.0,,0,Mixed-Use Locality
Grid_50,G,18.92417,72.95,South Mumbai,0,0,0,0,0,0,0,0,0,0,0,0,0,0,0.0,0.0,0.0,0,0.0,0.0,0.0,0,0.0,0.0,0.0,0,0.0,0.0,0.0,0,0.0,0.0,0.0,0,0.0,0.0,0.0,0,0.0,0.0,0.0,0,0.0,0.0,0.0,0,0.0,0.0,0.0,0,0.0,0.0,0.0,,,,0.0,0.0,0.0,0.0,0.0,0.0,0.0,0.0,,0,Mixed-Use Locality
Grid_51,G,18.92417,72.97,Navi Mumbai,0,0,0,0,0,0,0,0,0,0,0,0,0,0,0.0,0.0,0.0,0,0.0,0.0,0.0,0,0.0,0.0,0.0,0,0.0,0.0,0.0,0,0.0,0.0,0.0,0,0.0,0.0,0.0,0,0.0,0.0,0.0,0,0.0,0.0,0.0,0,0.0,0.0,0.0,0,0.0,0.0,0.0,,,,0.0,0.0,0.0,0.0,0.0,0.0,0.0,0.0,,0,Mixed-Use Locality
Grid_52,G,18.92417,72.99,Navi Mumbai,0,0,0,0,0,0,0,0,2,0,0,0,0,0,0.0,0.0,0.0,0,0.0,0.0,0.0,0,0.0,0.0,0.0,0,0.0,0.0,0.0,0,0.0,0.0,0.0,0,0.0,0.0,0.0,0,0.0,0.0,0.0,0,0.0,0.0,0.0,0,0.0,0.0,0.0,0,0.0,0.0,0.0,,,,0.0,0.0,0.0,0.0,0.0,0.0,0.0,0.0,,0,Mixed-Use Locality
Grid_53,G,18.92417,73.01,Navi Mumbai,0,0,0,0,0,0,0,0,0,0,0,0,0,0,0.0,0.0,0.0,0,0.0,0.0,0.0,0,0.0,0.0,0.0,0,0.0,0.0,0.0,0,0.0,0.0,0.0,0,0.0,0.0,0.0,0,0.0,0.0,0.0,0,0.0,0.0,0.0,0,0.0,0.0,0.0,0,0.0,0.0,0.0,,,,0.0,0.0,0.0,0.0,0.0,0.0,0.0,0.0,,0,Mixed-Use Locality
Grid_54,G,18.92417,73.03,Navi Mumbai,0,0,0,0,0,0,0,0,0,0,0,0,0,0,0.0,0.0,0.0,0,0.0,0.0,0.0,0,0.0,0.0,0.0,0,0.0,0.0,0.0,0,0.0,0.0,0.0,0,0.0,0.0,0.0,0,0.0,0.0,0.0,0,0.0,0.0,0.0,0,0.0,0.0,0.0,0,0.0,0.0,0.0,,,,0.0,0.0,0.0,0.0,0.0,0.0,0.0,0.0,,0,Mixed-Use Locality
Grid_55,G,18.92417,73.05,Navi Mumbai,0,0,4,0,0,0,0,0,0,2,0,0,0,0,0.0,0.0,0.0,0,0.0,0.0,0.0,0,0.0,0.0,0.0,0,0.0,0.0,0.0,0,0.0,0.0,0.0,0,0.0,0.0,0.0,0,0.0,0.0,0.0,0,0.0,0.0,0.0,0,0.0,0.0,0.0,0,0.0,0.0,0.0,,,,0.2,0.1,0.4,0.5,0.3,0.5,0.0,0.0,,0,Mixed-Use Locality
Grid_56,G,18.92417,73.07,Navi Mumbai,0,0,0,0,0,0,0,0,0,0,0,0,0,0,0.0,0.0,0.0,0,0.0,0.0,0.0,0,0.0,0.0,0.0,0,0.0,0.0,0.0,0,0.0,0.0,0.0,0,0.0,0.0,0.0,0,0.0,0.0,0.0,0,0.0,0.0,0.0,0,0.0,0.0,0.0,0,0.0,0.0,0.0,,,,0.0,0.0,0.0,0.0,0.0,0.0,0.0,0.0,,0,Mixed-Use Locality
Grid_57,G,18.92417,73.09,Navi Mumbai,0,0,0,0,0,0,0,0,0,0,0,0,0,0,0.0,0.0,0.0,0,0.0,0.0,0.0,0,0.0,0.0,0.0,0,0.0,0.0,0.0,0,0.0,0.0,0.0,0,0.0,0.0,0.0,0,0.0,0.0,0.0,0,0.0,0.0,0.0,0,0.0,0.0,0.0,0,0.0,0.0,0.0,,,,0.0,0.0,0.0,0.0,0.0,0.0,0.0,0.0,,0,Mixed-Use Locality
Grid_58,G,18.92417,73.11,Navi Mumbai,0,0,0,0,0,0,0,0,0,0,0,0,0,0,0.0,0.0,0.0,0,0.0,0.0,0.0,0,0.0,0.0,0.0,0,0.0,0.0,0.0,0,0.0,0.0,0.0,0,0.0,0.0,0.0,0,0.0,0.0,0.0,0,0.0,0.0,0.0,0,0.0,0.0,0.0,0,0.0,0.0,0.0,,,,0.0,0.0,0.0,0.0,0.0,0.0,0.0,0.0,,0,Mixed-Use Locality
Grid_59,G,18.92417,73.13,Navi Mumbai,0,0,0,0,0,0,0,0,0,0,0,0,0,2,4.11,9.03,0.2,0,0.0,0.0,0.0,0,0.0,0.0,0.0,0,0.0,0.0,0.0,0,0.0,0.0,0.0,0,0.0,0.0,0.0,0,0.0,0.0,0.0,0,0.0,0.0,0.0,0,0.0,0.0,0.0,0,0.0,0.0,0.0,,,,0.0,0.0,0.0,0.0,0.0,0.0,0.0,0.0,,0,Mixed-Use Locality
Grid_60,G,18.92417,73.15,Navi Mumbai,0,0,0,0,0,0,0,0,2,2,0,0,0,0,0.0,0.0,0.0,0,0.0,0.0,0.0,0,0.0,0.0,0.0,0,0.0,0.0,0.0,0,0.0,0.0,0.0,0,0.0,0.0,0.0,0,0.0,0.0,0.0,0,0.0,0.0,0.0,0,0.0,0.0,0.0,0,0.0,0.0,0.0,,,,0.2,0.0,0.4,0.5,0.0,0.5,0.0,0.0,,0,Mixed-Use Locality
Grid_61,G,18.94125,72.77,South Mumbai,0,0,0,0,0,0,0,0,0,0,0,0,0,0,0.0,0.0,0.0,0,0.0,0.0,0.0,0,0.0,0.0,0.0,0,0.0,0.0,0.0,0,0.0,0.0,0.0,0,0.0,0.0,0.0,0,0.0,0.0,0.0,0,0.0,0.0,0.0,0,0.0,0.0,0.0,0,0.0,0.0,0.0,,,,0.0,0.0,0.0,0.0,0.0,0.0,0.0,0.0,,0,Mixed-Use Locality
Grid_62,G,18.94125,72.79,South Mumbai,0,0,0,0,0,0,0,0,0,0,0,0,0,0,0.0,0.0,0.0,0,0.0,0.0,0.0,0,0.0,0.0,0.0,0,0.0,0.0,0.0,0,0.0,0.0,0.0,0,0.0,0.0,0.0,0,0.0,0.0,0.0,0,0.0,0.0,0.0,0,0.0,0.0,0.0,0,0.0,0.0,0.0,,,,0.0,0.0,0.0,0.0,0.0,0.0,0.0,0.0,,0,Mixed-Use Locality
Grid_63,G,18.94125,72.81,South Mumbai,2,0,10,0,2,4,0,4,0,10,2,2,2,2,3.94,8.66,0.2,2,3.87,8.51,0.3,2,3.67,8.07,3.9,0,0.0,0.0,0.0,2,4.04,8.88,0.3,2,4.07,8.93,0.0,2,3.65,8.03,0.4,2,3.81,8.37,1.0,0,0.0,0.0,0.0,0,0.0,0.0,0.0,,,,2.8,2.7,3.3,3.7,3.5,2.6,5.0,0.0,,0,Mixed-Use Locality
Grid_64,G,18.94125,72.83,South Mumbai,0,0,0,0,0,0,0,0,0,0,0,0,0,0,0.0,0.0,0.0,0,0.0,0.0,0.0,0,0.0,0.0,0.0,0,0.0,0.0,0.0,0,0.0,0.0,0.0,0,0.0,0.0,0.0,0,0.0,0.0,0.0,0,0.0,0.0,0.0,0,0.0,0.0,0.0,0,0.0,0.0,0.0,,,,0.0,0.0,0.0,0.0,0.0,0.0,0.0,0.0,,0,Mixed-Use Locality
Grid_65,G,18.94125,72.85,South Mumbai,2,0,40,0,0,4,0,8,2,36,4,22,0,22,4.24,292.37,5.8,4,4.25,27.34,1.0,0,0.0,0.0,0.0,0,0.0,0.0,0.0,0,0.0,0.0,0.0,22,4.37,301.51,0.9,0,0.0,0.0,0.0,22,4.37,301.29,35.5,0,0.0,0.0,0.0,0,0.0,0.0,0.0,,,,4.7,3.7,7.8,10.6,5.6,9.5,5.0,0.0,,0,Mixed-Use Locality
Grid_66,G,18.94125,72.87,South Mumbai,0,0,0,0,0,0,0,0,0,0,0,0,0,0,0.0,0.0,0.0,0,0.0,0.0,0.0,0,0.0,0.0,0.0,0,0.0,0.0,0.0,0,0.0,0.0,0.0,0,0.0,0.0,0.0,0,0.0,0.0,0.0,0,0.0,0.0,0.0,0,0.0,0.0,0.0,0,0.0,0.0,0.0,,,,0.0,0.0,0.0,0.0,0.0,0.0,0.0,0.0,,0,Mixed-Use Locality
Grid_67,G,18.94125,72.89,South Mumbai,0,0,0,0,0,0,0,0,0,0,0,0,0,0,0.0,0.0,0.0,0,0.0,0.0,0.0,0,0.0,0.0,0.0,0,0.0,0.0,0.0,0,0.0,0.0,0.0,0,0.0,0.0,0.0,0,0.0,0.0,0.0,0,0.0,0.0,0.0,0,0.0,0.0,0.0,0,0.0,0.0,0.0,,,,0.0,0.0,0.0,0.0,0.0,0.0,0.0,0.0,,0,Mixed-Use Locality
Grid_68,G,18.94125,72.91,South Mumbai,0,0,0,0,0,0,0,0,0,0,0,0,0,0,0.0,0.0,0.0,0,0.0,0.0,0.0,0,0.0,0.0,0.0,0,0.0,0.0,0.0,0,0.0,0.0,0.0,0,0.0,0.0,0.0,0,0.0,0.0,0.0,0,0.0,0.0,0.0,0,0.0,0.0,0.0,0,0.0,0.0,0.0,,,,0.0,0.0,0.0,0.0,0.0,0.0,0.0,0.0,,0,Mixed-Use Locality
Grid_69,G,18.94125,72.93,South Mumbai,0,0,0,0,0,0,0,0,0,0,0,0,0,0,0.0,0.0,0.0,0,0.0,0.0,0.0,0,0.0,0.0,0.0,0,0.0,0.0,0.0,0,0.0,0.0,0.0,0,0.0,0.0,0.0,0,0.0,0.0,0.0,0,0.0,0.0,0.0,0,0.0,0.0,0.0,0,0.0,0.0,0.0,,,,0.0,0.0,0.0,0.0,0.0,0.0,0.0,0.0,,0,Mixed-Use Locality
Grid_70,G,18.94125,72.95,South Mumbai,0,0,0,0,0,2,0,0,2,0,0,0,0,0,0.0,0.0,0.0,0,0.0,0.0,0.0,0,0.0,0.0,0.0,0,0.0,0.0,0.0,0,0.0,0.0,0.0,0,0.0,0.0,0.0,0,0.0,0.0,0.0,0,0.0,0.0,0.0,0,0.0,0.0,0.0,0,0.0,0.0,0.0,,,,0.6,1.0,0.8,0.5,1.2,0.0,2.5,0.0,,0,Mixed-Use Locality
Grid_71,G,18.94125,72.97,Navi Mumbai,0,0,0,0,0,0,0,0,0,0,0,0,0,0,0.0,0.0,0.0,0,0.0,0.0,0.0,0,0.0,0.0,0.0,0,0.0,0.0,0.0,0,0.0,0.0,0.0,0,0.0,0.0,0.0,0,0.0,0.0,0.0,0,0.0,0.0,0.0,0,0.0,0.0,0.0,0,0.0,0.0,0.0,,,,0.0,0.0,0.0,0.0,0.0,0.0,0.0,0.0,,0,Mixed-Use Locality
Grid_72,G,18.94125,72.99,Navi Mumbai,0,0,0,0,0,0,0,0,0,0,0,0,0,0,0.0,0.0,0.0,0,0.0,0.0,0.0,0,0.0,0.0,0.0,0,0.0,0.0,0.0,0,0.0,0.0,0.0,0,0.0,0.0,0.0,0,0.0,0.0,0.0,0,0.0,0.0,0.0,0,0.0,0.0,0.0,0,0.0,0.0,0.0,,,,0.0,0.0,0.0,0.0,0.0,0.0,0.0,0.0,,0,Mixed-Use Locality
Grid_73,G,18.94125,73.01,Navi Mumbai,0,0,0,0,0,0,0,0,0,0,0,0,0,0,0.0,0.0,0.0,0,0.0,0.0,0.0,0,0.0,0.0,0.0,0,0.0,0.0,0.0,0,0.0,0.0,0.0,0,0.0,0.0,0.0,0,0.0,0.0,0.0,0,0.0,0.0,0.0,0,0.0,0.0,0.0,0,0.0,0.0,0.0,,,,0.0,0.0,0.0,0.0,0.0,0.0,0.0,0.0,,0,Mixed-Use Locality
Grid_74,G,18.94125,73.03,Navi Mumbai,0,0,0,0,0,0,0,0,0,0,0,0,0,0,0.0,0.0,0.0,0,0.0,0.0,0.0,0,0.0,0.0,0.0,0,0.0,0.0,0.0,0,0.0,0.0,0.0,0,0.0,0.0,0.0,0,0.0,0.0,0.0,0,0.0,0.0,0.0,0,0.0,0.0,0.0,0,0.0,0.0,0.0,,,,0.0,0.0,0.0,0.0,0.0,0.0,0.0,0.0,,0,Mixed-Use Locality
Grid_75,G,18.94125,73.05,Navi Mumbai,0,0,0,0,0,0,0,0,0,0,0,0,0,0,0.0,0.0,0.0,0,0.0,0.0,0.0,0,0.0,0.0,0.0,0,0.0,0.0,0.0,0,0.0,0.0,0.0,0,0.0,0.0,0.0,0,0.0,0.0,0.0,0,0.0,0.0,0.0,0,0.0,0.0,0.0,0,0.0,0.0,0.0,,,,0.0,0.0,0.0,0.0,0.0,0.0,0.0,0.0,,0,Mixed-Use Locality
Grid_76,G,18.94125,73.07,Navi Mumbai,0,0,0,0,0,0,0,0,0,0,0,0,0,0,0.0,0.0,0.0,0,0.0,0.0,0.0,0,0.0,0.0,0.0,0,0.0,0.0,0.0,0,0.0,0.0,0.0,0,0.0,0.0,0.0,0,0.0,0.0,0.0,0,0.0,0.0,0.0,0,0.0,0.0,0.0,0,0.0,0.0,0.0,,,,0.0,0.0,0.0,0.0,0.0,0.0,0.0,0.0,,0,Mixed-Use Locality
Grid_77,G,18.94125,73.09,Navi Mumbai,0,0,0,0,0,0,0,0,0,0,0,0,0,0,0.0,0.0,0.0,0,0.0,0.0,0.0,0,0.0,0.0,0.0,0,0.0,0.0,0.0,0,0.0,0.0,0.0,0,0.0,0.0,0.0,0,0.0,0.0,0.0,0,0.0,0.0,0.0,0,0.0,0.0,0.0,0,0.0,0.0,0.0,,,,0.0,0.0,0.0,0.0,0.0,0.0,0.0,0.0,,0,Mixed-Use Locality
Grid_78,G,18.94125,73.11,Navi Mumbai,0,0,0,0,0,0,0,0,0,0,0,0,0,0,0.0,0.0,0.0,0,0.0,0.0,0.0,0,0.0,0.0,0.0,0,0.0,0.0,0.0,0,0.0,0.0,0.0,0,0.0,0.0,0.0,0,0.0,0.0,0.0,0,0.0,0.0,0.0,0,0.0,0.0,0.0,0,0.0,0.0,0.0,,,,0.0,0.0,0.0,0.0,0.0,0.0,0.0,0.0,,0,Mixed-Use Locality
Grid_79,G,18.94125,73.13,Navi Mumbai,0,0,0,0,0,0,0,0,0,0,0,0,0,0,0.0,0.0,0.0,0,0.0,0.0,0.0,0,0.0,0.0,0.0,0,0.0,0.0,0.0,0,0.0,0.0,0.0,0,0.0,0.0,0.0,0,0.0,0.0,0.0,0,0.0,0.0,0.0,0,0.0,0.0,0.0,0,0.0,0.0,0.0,,,,0.0,0.0,0.0,0.0,0.0,0.0,0.0,0.0,,0,Mixed-Use Locality
Grid_80,G,18.94125,73.15,Navi Mumbai,2,0,4,0,0,0,0,0,2,0,0,0,0,0,0.0,0.0,0.0,0,0.0,0.0,0.0,0,0.0,0.0,0.0,0,0.0,0.0,0.0,0,0.0,0.0,0.0,0,0.0,0.0,0.0,0,0.0,0.0,0.0,0,0.0,0.0,0.0,0,0.0,0.0,0.0,0,0.0,0.0,0.0,,,,0.3,0.5,0.0,0.1,0.6,0.0,0.0,0.0,,0,Mixed-Use Locality
Grid_81,G,18.95833,72.77,South Mumbai,0,0,0,0,0,0,0,0,0,0,0,0,0,0,0.0,0.0,0.0,0,0.0,0.0,0.0,0,0.0,0.0,0.0,0,0.0,0.0,0.0,0,0.0,0.0,0.0,0,0.0,0.0,0.0,0,0.0,0.0,0.0,0,0.0,0.0,0.0,0,0.0,0.0,0.0,0,0.0,0.0,0.0,,,,0.0,0.0,0.0,0.0,0.0,0.0,0.0,0.0,,0,Mixed-Use Locality
Grid_82,G,18.95833,72.79,South Mumbai,0,0,24,0,4,2,0,2,2,8,4,4,2,0,0.0,0.0,0.0,0,0.0,0.0,0.0,0,0.0,0.0,0.0,0,0.0,0.0,0.0,0,0.0,0.0,0.0,0,0.0,0.0,0.0,0,0.0,0.0,0.0,0,0.0,0.0,0.0,0,0.0,0.0,0.0,0,0.0,0.0,0.0,,,,1.9,1.8,2.2,2.6,2.9,2.1,2.5,0.0,,0,Mixed-Use Locality
Grid_83,G,18.95833,72.81,South Mumbai,0,0,0,0,0,0,0,0,0,0,0,0,0,90,4.36,1771.07,35.0,22,4.65,320.59,12.0,4,4.17,26.86,13.1,10,4.02,96.51,8.7,8,4.08,71.63,2.6,82,4.67,1691.39,5.0,54,4.46,964.92,53.4,40,4.32,642.16,75.7,6,4.12,48.08,11.0,0,0.0,0.0,0.0,,,,0.0,0.0,0.0,0.0,0.0,0.0,0.0,0.0,,0,Mixed-Use Locality
Grid_84,G,18.95833,72.83,South Mumbai,0,0,0,0,0,0,0,0,0,0,0,0,0,0,0.0,0.0,0.0,0,0.0,0.0,0.0,0,0.0,0.0,0.0,0,0.0,0.0,0.0,0,0.0,0.0,0.0,0,0.0,0.0,0.0,0,0.0,0.0,0.0,0,0.0,0.0,0.0,0,0.0,0.0,0.0,0,0.0,0.0,0.0,,,,0.0,0.0,0.0,0.0,0.0,0.0,0.0,0.0,,0,Mixed-Use Locality
Grid_85,G,18.95833,72.85,South Mumbai,0,0,0,0,0,0,0,0,0,0,0,0,0,10,4.05,97.02,1.9,2,3.62,7.95,0.3,0,0.0,0.0,0.0,0,0.0,0.0,0.0,0,0.0,0.0,0.0,6,4.07,47.56,0.1,4,3.87,24.92,1.4,18,4.77,252.75,29.8,0,0.0,0.0,0.0,0,0.0,0.0,0.0,,,,0.0,0.0,0.0,0.0,0.0,0.0,0.0,0.0,,0,Mixed-Use Locality
Grid_86,G,18.95833,72.87,South Mumbai,0,0,0,0,0,0,0,0,0,0,0,0,0,0,0.0,0.0,0.0,0,0.0,0.0,0.0,0,0.0,0.0,0.0,0,0.0,0.0,0.0,0,0.0,0.0,0.0,0,0.0,0.0,0.0,0,0.0,0.0,0.0,0,0.0,0.0,0.0,0,0.0,0.0,0.0,0,0.0,0.0,0.0,,,,0.0,0.0,0.0,0.0,0.0,0.0,0.0,0.0,,0,Mixed-Use Locality
Grid_87,G,18.95833,72.89,South Mumbai,0,0,0,0,0,0,0,0,0,0,0,0,0,0,0.0,0.0,0.0,0,0.0,0.0,0.0,0,0.0,0.0,0.0,0,0.0,0.0,0.0,0,0.0,0.0,0.0,0,0.0,0.0,0.0,0,0.0,0.0,0.0,0,0.0,0.0,0.0,0,0.0,0.0,0.0,0,0.0,0.0,0.0,,,,0.0,0.0,0.0,0.0,0.0,0.0,0.0,0.0,,0,Mixed-Use Locality
Grid_88,G,18.95833,72.91,South Mumbai,0,0,0,0,0,0,0,0,0,0,0,0,0,0,0.0,0.0,0.0,0,0.0,0.0,0.0,0,0.0,0.0,0.0,0,0.0,0.0,0.0,0,0.0,0.0,0.0,0,0.0,0.0,0.0,0,0.0,0.0,0.0,0,0.0,0.0,0.0,0,0.0,0.0,0.0,0,0.0,0.0,0.0,,,,0.0,0.0,0.0,0.0,0.0,0.0,0.0,0.0,,0,Mixed-Use Locality
Grid_89,G,18.95833,72.93,South Mumbai,0,0,0,0,0,0,0,0,0,14,0,8,0,0,0.0,0.0,0.0,0,0.0,0.0,0.0,0,0.0,0.0,0.0,0,0.0,0.0,0.0,0,0.0,0.0,0.0,0,0.0,0.0,0.0,0,0.0,0.0,0.0,0,0.0,0.0,0.0,0,0.0,0.0,0.0,0,0.0,0.0,0.0,,,,1.2,0.0,2.5,3.7,0.0,3.7,0.0,0.0,,0,Mixed-Use Locality
Grid_90,G,18.95833,72.95,South Mumbai,0,0,0,0,0,0,0,0,0,0,0,0,0,0,0.0,0.0,0.0,0,0.0,0.0,0.0,0,0.0,0.0,0.0,0,0.0,0.0,0.0,0,0.0,0.0,0.0,0,0.0,0.0,0.0,0,0.0,0.0,0.0,0,0.0,0.0,0.0,0,0.0,0.0,0.0,0,0.0,0.0,0.0,,,,0.0,0.0,0.0,0.0,0.0,0.0,0.0,0.0,,0,Mixed-Use Locality
Grid_91,G,18.95833,72.97,Navi Mumbai,0,0,0,0,0,0,0,0,0,0,0,0,0,0,0.0,0.0,0.0,0,0.0,0.0,0.0,0,0.0,0.0,0.0,0,0.0,0.0,0.0,0,0.0,0.0,0.0,0,0.0,0.0,0.0,0,0.0,0.0,0.0,0,0.0,0.0,0.0,0,0.0,0.0,0.0,0,0.0,0.0,0.0,,,,0.0,0.0,0.0,0.0,0.0,0.0,0.0,0.0,,0,Mixed-Use Locality
Grid_92,G,18.95833,72.99,Navi Mumbai,0,0,0,0,0,0,0,0,0,0,0,0,0,0,0.0,0.0,0.0,0,0.0,0.0,0.0,0,0.0,0.0,0.0,0,0.0,0.0,0.0,0,0.0,0.0,0.0,0,0.0,0.0,0.0,0,0.0,0.0,0.0,0,0.0,0.0,0.0,0,0.0,0.0,0.0,0,0.0,0.0,0.0,,,,0.0,0.0,0.0,0.0,0.0,0.0,0.0,0.0,,0,Mixed-Use Locality
Grid_93,G,18.95833,73.01,Navi Mumbai,2,0,6,0,2,0,0,0,2,0,0,0,0,0,0.0,0.0,0.0,0,0.0,0.0,0.0,0,0.0,0.0,0.0,0,0.0,0.0,0.0,0,0.0,0.0,0.0,0,0.0,0.0,0.0,2,4.02,8.84,0.5,0,0.0,0.0,0.0,0,0.0,0.0,0.0,0,0.0,0.0,0.0,,,,0.6,0.5,0.0,0.1,0.7,0.0,0.0,0.0,,0,Mixed-Use Locality
Grid_94,G,18.95833,73.03,Navi Mumbai,0,0,0,0,0,0,0,0,0,0,0,0,0,0,0.0,0.0,0.0,0,0.0,0.0,0.0,0,0.0,0.0,0.0,0,0.0,0.0,0.0,0,0.0,0.0,0.0,0,0.0,0.0,0.0,0,0.0,0.0,0.0,0,0.0,0.0,0.0,0,0.0,0.0,0.0,0,0.0,0.0,0.0,,,,0.0,0.0,0.0,0.0,0.0,0.0,0.0,0.0,,0,Mixed-Use Locality
Grid_95,G,18.95833,73.05,Navi Mumbai,0,0,0,0,0,0,0,0,0,0,0,0,0,0,0.0,0.0,0.0,0,0.0,0.0,0.0,0,0.0,0.0,0.0,0,0.0,0.0,0.0,0,0.0,0.0,0.0,0,0.0,0.0,0.0,0,0.0,0.0,0.0,0,0.0,0.0,0.0,0,0.0,0.0,0.0,0,0.0,0.0,0.0,,,,0.0,0.0,0.0,0.0,0.0,0.0,0.0,0.0,,0,Mixed-Use Locality
Grid_96,G,18.95833,73.07,Navi Mumbai,0,0,0,0,0,0,0,0,0,0,0,0,0,0,0.0,0.0,0.0,0,0.0,0.0,0.0,0,0.0,0.0,0.0,0,0.0,0.0,0.0,0,0.0,0.0,0.0,0,0.0,0.0,0.0,0,0.0,0.0,0.0,0,0.0,0.0,0.0,0,0.0,0.0,0.0,0,0.0,0.0,0.0,,,,0.0,0.0,0.0,0.0,0.0,0.0,0.0,0.0,,0,Mixed-Use Locality
Grid_97,G,18.95833,73.09,Navi Mumbai,0,0,0,0,0,0,0,0,0,0,0,0,0,0,0.0,0.0,0.0,0,0.0,0.0,0.0,0,0.0,0.0,0.0,0,0.0,0.0,0.0,0,0.0,0.0,0.0,0,0.0,0.0,0.0,0,0.0,0.0,0.0,0,0.0,0.0,0.0,0,0.0,0.0,0.0,0,0.0,0.0,0.0,,,,0.0,0.0,0.0,0.0,0.0,0.0,0.0,0.0,,0,Mixed-Use Locality
Grid_98,G,18.95833,73.11,Navi Mumbai,0,0,0,0,0,0,0,0,0,0,0,2,0,0,0.0,0.0,0.0,0,0.0,0.0,0.0,0,0.0,0.0,0.0,0,0.0,0.0,0.0,0,0.0,0.0,0.0,0,0.0,0.0,0.0,0,0.0,0.0,0.0,0,0.0,0.0,0.0,0,0.0,0.0,0.0,0,0.0,0.0,0.0,,,,0.0,0.0,0.0,0.0,0.0,0.0,0.0,0.0,,0,Mixed-Use Locality
Grid_99,G,18.95833,73.13,Navi Mumbai,0,0,0,0,0,0,0,0,0,0,0,0,0,0,0.0,0.0,0.0,0,0.0,0.0,0.0,0,0.0,0.0,0.0,0,0.0,0.0,0.0,0,0.0,0.0,0.0,4,4.06,26.15,0.1,0,0.0,0.0,0.0,2,3.71,8.14,1.0,0,0.0,0.0,0.0,0,0.0,0.0,0.0,,,,0.0,0.0,0.0,0.0,0.0,0.0,0.0,0.0,,0,Mixed-Use Locality
Grid_100,G,18.95833,73.15,Navi Mumbai,2,0,6,0,2,0,0,0,0,2,0,0,0,0,0.0,0.0,0.0,0,0.0,0.0,0.0,0,0.0,0.0,0.0,0,0.0,0.0,0.0,0,0.0,0.0,0.0,0,0.0,0.0,0.0,0,0.0,0.0,0.0,0,0.0,0.0,0.0,0,0.0,0.0,0.0,0,0.0,0.0,0.0,,,,0.8,0.5,0.4,0.6,0.7,0.5,0.0,0.0,,0,Mixed-Use Locality
Grid_101,G,18.97542,72.77,South Mumbai,0,0,0,0,0,0,0,0,0,0,0,0,0,0,0.0,0.0,0.0,0,0.0,0.0,0.0,0,0.0,0.0,0.0,0,0.0,0.0,0.0,0,0.0,0.0,0.0,0,0.0,0.0,0.0,0,0.0,0.0,0.0,0,0.0,0.0,0.0,0,0.0,0.0,0.0,0,0.0,0.0,0.0,,,,0.0,0.0,0.0,0.0,0.0,0.0,0.0,0.0,,0,Mixed-Use Locality
Grid_102,G,18.97542,72.79,South Mumbai,0,0,0,0,0,0,0,2,0,0,0,0,0,0,0.0,0.0,0.0,0,0.0,0.0,0.0,0,0.0,0.0,0.0,0,0.0,0.0,0.0,0,0.0,0.0,0.0,0,0.0,0.0,0.0,0,0.0,0.0,0.0,0,0.0,0.0,0.0,0,0.0,0.0,0.0,0,0.0,0.0,0.0,,,,0.0,0.0,0.0,0.0,0.0,0.0,0.0,0.0,,0,Mixed-Use Locality
Grid_103,G,18.97542,72.81,South Mumbai,0,0,0,0,0,0,0,0,0,0,0,0,0,42,4.24,670.15,13.2,4,4.13,26.59,1.0,4,3.74,24.07,11.7,0,0.0,0.0,0.0,0,0.0,0.0,0.0,40,4.36,647.06,1.9,38,4.7,653.96,36.2,12,4.35,133.89,15.8,4,4.19,27.0,6.2,0,0.0,0.0,0.0,,,,0.0,0.0,0.0,0.0,0.0,0.0,0.0,0.0,,0,Mixed-Use Locality
Grid_104,G,18.97542,72.83,South Mumbai,14,8,124,16,52,10,0,60,8,60,4,20,2,0,0.0,0.0,0.0,0,0.0,0.0,0.0,0,0.0,0.0,0.0,0,0.0,0.0,0.0,0,0.0,0.0,0.0,0,0.0,0.0,0.0,0,0.0,0.0,0.0,0,0.0,0.0,0.0,0,0.0,0.0,0.0,0,0.0,0.0,0.0,,,,22.3,21.3,18.5,19.5,18.4,24.2,12.5,42.10526315789473,,2,Mixed-Use Locality
Grid_105,G,18.97542,72.85,South Mumbai,0,0,0,0,0,0,0,0,0,0,0,0,0,2,3.62,7.96,0.2,0,0.0,0.0,0.0,0,0.0,0.0,0.0,0,0.0,0.0,0.0,0,0.0,0.0,0.0,4,4.02,25.87,0.1,4,4.27,27.47,1.5,0,0.0,0.0,0.0,0,0.0,0.0,0.0,0,0.0,0.0,0.0,,,,0.0,0.0,0.0,0.0,0.0,0.0,0.0,0.0,,0,Mixed-Use Locality
Grid_106,G,18.97542,72.87,South Mumbai,0,0,0,2,0,2,0,0,0,0,0,0,0,0,0.0,0.0,0.0,0,0.0,0.0,0.0,0,0.0,0.0,0.0,0,0.0,0.0,0.0,0,0.0,0.0,0.0,0,0.0,0.0,0.0,0,0.0,0.0,0.0,0,0.0,0.0,0.0,0,0.0,0.0,0.0,0,0.0,0.0,0.0,,,,0.9,2.1,1.3,0.5,1.2,1.1,2.5,5.263157894736842,,0,Mixed-Use Locality
Grid_107,G,18.97542,72.89,South Mumbai,0,0,0,0,0,0,0,0,0,0,0,0,0,0,0.0,0.0,0.0,0,0.0,0.0,0.0,0,0.0,0.0,0.0,0,0.0,0.0,0.0,0,0.0,0.0,0.0,0,0.0,0.0,0.0,0,0.0,0.0,0.0,0,0.0,0.0,0.0,0,0.0,0.0,0.0,0,0.0,0.0,0.0,,,,0.0,0.0,0.0,0.0,0.0,0.0,0.0,0.0,,0,Mixed-Use Locality
Grid_108,G,18.97542,72.91,South Mumbai,0,0,0,0,0,0,0,0,0,0,0,0,0,0,0.0,0.0,0.0,0,0.0,0.0,0.0,0,0.0,0.0,0.0,0,0.0,0.0,0.0,0,0.0,0.0,0.0,0,0.0,0.0,0.0,0,0.0,0.0,0.0,0,0.0,0.0,0.0,0,0.0,0.0,0.0,0,0.0,0.0,0.0,,,,0.0,0.0,0.0,0.0,0.0,0.0,0.0,0.0,,0,Mixed-Use Locality
Grid_109,G,18.97542,72.93,South Mumbai,0,0,0,0,0,0,0,0,0,10,0,8,0,8,3.98,70.03,1.4,0,0.0,0.0,0.0,0,0.0,0.0,0.0,0,0.0,0.0,0.0,0,0.0,0.0,0.0,30,4.73,487.09,1.4,0,0.0,0.0,0.0,0,0.0,0.0,0.0,0,0.0,0.0,0.0,0,0.0,0.0,0.0,,,,0.9,0.0,1.8,2.6,0.0,2.6,0.0,0.0,,0,Mixed-Use Locality
Grid_110,G,18.97542,72.95,South Mumbai,0,0,0,0,0,0,0,0,0,0,0,0,0,0,0.0,0.0,0.0,0,0.0,0.0,0.0,0,0.0,0.0,0.0,0,0.0,0.0,0.0,0,0.0,0.0,0.0,0,0.0,0.0,0.0,0,0.0,0.0,0.0,0,0.0,0.0,0.0,0,0.0,0.0,0.0,0,0.0,0.0,0.0,,,,0.0,0.0,0.0,0.0,0.0,0.0,0.0,0.0,,0,Mixed-Use Locality
Grid_111,G,18.97542,72.97,Navi Mumbai,0,0,0,0,0,0,0,0,0,0,0,0,0,0,0.0,0.0,0.0,0,0.0,0.0,0.0,0,0.0,0.0,0.0,0,0.0,0.0,0.0,0,0.0,0.0,0.0,0,0.0,0.0,0.0,0,0.0,0.0,0.0,0,0.0,0.0,0.0,0,0.0,0.0,0.0,0,0.0,0.0,0.0,,,,0.0,0.0,0.0,0.0,0.0,0.0,0.0,0.0,,0,Mixed-Use Locality
Grid_112,G,18.97542,72.99,Navi Mumbai,0,0,0,0,0,0,0,0,0,0,0,0,0,0,0.0,0.0,0.0,0,0.0,0.0,0.0,0,0.0,0.0,0.0,0,0.0,0.0,0.0,0,0.0,0.0,0.0,0,0.0,0.0,0.0,0,0.0,0.0,0.0,0,0.0,0.0,0.0,0,0.0,0.0,0.0,0,0.0,0.0,0.0,,,,0.0,0.0,0.0,0.0,0.0,0.0,0.0,0.0,,0,Mixed-Use Locality
Grid_113,G,18.97542,73.01,Navi Mumbai,0,0,0,0,0,0,0,0,0,0,0,0,0,0,0.0,0.0,0.0,0,0.0,0.0,0.0,0,0.0,0.0,0.0,0,0.0,0.0,0.0,0,0.0,0.0,0.0,0,0.0,0.0,0.0,0,0.0,0.0,0.0,0,0.0,0.0,0.0,0,0.0,0.0,0.0,0,0.0,0.0,0.0,,,,0.0,0.0,0.0,0.0,0.0,0.0,0.0,0.0,,0,Mixed-Use Locality
Grid_114,G,18.97542,73.03,Navi Mumbai,2,0,24,2,4,4,0,0,4,4,0,2,2,0,0.0,0.0,0.0,0,0.0,0.0,0.0,0,0.0,0.0,0.0,0,0.0,0.0,0.0,0,0.0,0.0,0.0,0,0.0,0.0,0.0,0,0.0,0.0,0.0,0,0.0,0.0,0.0,0,0.0,0.0,0.0,0,0.0,0.0,0.0,,,,2.8,4.2,2.7,2.2,4.5,2.1,5.0,5.263157894736842,,0,Mixed-Use Locality
Grid_115,G,18.97542,73.05,Navi Mumbai,0,0,0,0,0,0,0,0,0,0,0,0,0,0,0.0,0.0,0.0,0,0.0,0.0,0.0,0,0.0,0.0,0.0,0,0.0,0.0,0.0,0,0.0,0.0,0.0,0,0.0,0.0,0.0,0,0.0,0.0,0.0,0,0.0,0.0,0.0,0,0.0,0.0,0.0,0,0.0,0.0,0.0,,,,0.0,0.0,0.0,0.0,0.0,0.0,0.0,0.0,,0,Mixed-Use Locality
Grid_116,G,18.97542,73.07,Navi Mumbai,0,0,0,0,0,0,0,0,0,0,0,0,0,0,0.0,0.0,0.0,0,0.0,0.0,0.0,0,0.0,0.0,0.0,0,0.0,0.0,0.0,0,0.0,0.0,0.0,0,0.0,0.0,0.0,0,0.0,0.0,0.0,0,0.0,0.0,0.0,0,0.0,0.0,0.0,0,0.0,0.0,0.0,,,,0.0,0.0,0.0,0.0,0.0,0.0,0.0,0.0,,0,Mixed-Use Locality
Grid_117,G,18.97542,73.09,Navi Mumbai,0,0,0,0,0,0,0,0,0,0,0,0,0,0,0.0,0.0,0.0,0,0.0,0.0,0.0,0,0.0,0.0,0.0,0,0.0,0.0,0.0,0,0.0,0.0,0.0,0,0.0,0.0,0.0,0,0.0,0.0,0.0,0,0.0,0.0,0.0,0,0.0,0.0,0.0,0,0.0,0.0,0.0,,,,0.0,0.0,0.0,0.0,0.0,0.0,0.0,0.0,,0,Mixed-Use Locality
Grid_118,G,18.97542,73.11,Navi Mumbai,0,0,6,2,4,8,0,50,2,6,0,6,0,0,0.0,0.0,0.0,0,0.0,0.0,0.0,0,0.0,0.0,0.0,0,0.0,0.0,0.0,0,0.0,0.0,0.0,0,0.0,0.0,0.0,0,0.0,0.0,0.0,0,0.0,0.0,0.0,0,0.0,0.0,0.0,0,0.0,0.0,0.0,,,,3.9,5.3,4.6,3.6,5.4,2.6,10.0,5.263157894736842,,0,Mixed-Use Locality
Grid_119,G,18.97542,73.13,Navi Mumbai,0,0,0,0,0,0,0,0,0,0,0,0,0,0,0.0,0.0,0.0,0,0.0,0.0,0.0,0,0.0,0.0,0.0,0,0.0,0.0,0.0,0,0.0,0.0,0.0,0,0.0,0.0,0.0,0,0.0,0.0,0.0,0,0.0,0.0,0.0,0,0.0,0.0,0.0,0,0.0,0.0,0.0,,,,0.0,0.0,0.0,0.0,0.0,0.0,0.0,0.0,,0,Mixed-Use Locality
Grid_120,G,18.97542,73.15,Navi Mumbai,2,0,0,0,0,0,0,0,0,0,0,0,0,0,0.0,0.0,0.0,0,0.0,0.0,0.0,0,0.0,0.0,0.0,0,0.0,0.0,0.0,0,0.0,0.0,0.0,0,0.0,0.0,0.0,0,0.0,0.0,0.0,0,0.0,0.0,0.0,0,0.0,0.0,0.0,0,0.0,0.0,0.0,,,,0.3,0.3,0.0,0.1,0.3,0.0,0.0,0.0,,0,Mixed-Use Locality
Grid_121,G,18.9925,72.77,South Mumbai,0,0,0,0,0,0,0,0,0,0,0,0,0,0,0.0,0.0,0.0,0,0.0,0.0,0.0,0,0.0,0.0,0.0,0,0.0,0.0,0.0,0,0.0,0.0,0.0,0,0.0,0.0,0.0,0,0.0,0.0,0.0,0,0.0,0.0,0.0,0,0.0,0.0,0.0,0,0.0,0.0,0.0,,,,0.0,0.0,0.0,0.0,0.0,0.0,0.0,0.0,,0,Mixed-Use Locality
Grid_122,G,18.9925,72.79,South Mumbai,0,0,0,0,0,0,0,0,0,0,0,0,0,0,0.0,0.0,0.0,0,0.0,0.0,0.0,0,0.0,0.0,0.0,0,0.0,0.0,0.0,0,0.0,0.0,0.0,0,0.0,0.0,0.0,0,0.0,0.0,0.0,0,0.0,0.0,0.0,0,0.0,0.0,0.0,0,0.0,0.0,0.0,,,,0.0,0.0,0.0,0.0,0.0,0.0,0.0,0.0,,0,Mixed-Use Locality
Grid_123,G,18.9925,72.81,South Mumbai,4,16,34,4,6,34,8,14,4,24,8,8,0,0,0.0,0.0,0.0,0,0.0,0.0,0.0,0,0.0,0.0,0.0,0,0.0,0.0,0.0,0,0.0,0.0,0.0,0,0.0,0.0,0.0,0,0.0,0.0,0.0,0,0.0,0.0,0.0,0,0.0,0.0,0.0,0,0.0,0.0,0.0,,,,23.5,23.6,34.0,31.9,26.9,28.4,42.5,10.526315789473683,,1,Corporate Hub
Grid_124,G,18.9925,72.83,South Mumbai,0,0,0,0,0,0,0,0,0,0,0,0,0,38,4.45,618.85,12.2,6,4.39,51.23,1.9,2,3.67,8.07,3.9,0,0.0,0.0,0.0,2,3.71,8.15,0.3,38,4.75,660.79,2.0,32,4.74,529.82,29.3,8,4.05,71.14,8.4,12,4.32,133.12,30.6,4,3.79,24.4,88.3,,,,0.0,0.0,0.0,0.0,0.0,0.0,0.0,0.0,,0,Mixed-Use Locality
Grid_125,G,18.9925,72.85,South Mumbai,8,0,40,0,6,0,0,30,14,32,2,2,0,0,0.0,0.0,0.0,0,0.0,0.0,0.0,0,0.0,0.0,0.0,0,0.0,0.0,0.0,0,0.0,0.0,0.0,0,0.0,0.0,0.0,0,0.0,0.0,0.0,0,0.0,0.0,0.0,0,0.0,0.0,0.0,0,0.0,0.0,0.0,,,,5.0,2.7,5.6,8.9,4.1,8.4,0.0,0.0,,0,Mixed-Use Locality
Grid_126,G,18.9925,72.87,South Mumbai,0,0,0,0,0,0,0,0,0,0,0,0,0,0,0.0,0.0,0.0,0,0.0,0.0,0.0,0,0.0,0.0,0.0,0,0.0,0.0,0.0,0,0.0,0.0,0.0,0,0.0,0.0,0.0,0,0.0,0.0,0.0,0,0.0,0.0,0.0,0,0.0,0.0,0.0,0,0.0,0.0,0.0,,,,0.0,0.0,0.0,0.0,0.0,0.0,0.0,0.0,,0,Mixed-Use Locality
Grid_127,G,18.9925,72.89,South Mumbai,0,0,0,0,0,0,0,0,0,0,0,0,0,0,0.0,0.0,0.0,0,0.0,0.0,0.0,0,0.0,0.0,0.0,0,0.0,0.0,0.0,0,0.0,0.0,0.0,0,0.0,0.0,0.0,0,0.0,0.0,0.0,0,0.0,0.0,0.0,0,0.0,0.0,0.0,0,0.0,0.0,0.0,,,,0.0,0.0,0.0,0.0,0.0,0.0,0.0,0.0,,0,Mixed-Use Locality
Grid_128,G,18.9925,72.91,South Mumbai,0,0,0,0,0,0,0,0,0,0,0,0,0,0,0.0,0.0,0.0,0,0.0,0.0,0.0,0,0.0,0.0,0.0,0,0.0,0.0,0.0,0,0.0,0.0,0.0,0,0.0,0.0,0.0,0,0.0,0.0,0.0,0,0.0,0.0,0.0,0,0.0,0.0,0.0,0,0.0,0.0,0.0,,,,0.0,0.0,0.0,0.0,0.0,0.0,0.0,0.0,,0,Mixed-Use Locality
Grid_129,G,18.9925,72.93,South Mumbai,0,0,0,0,0,0,0,0,0,0,0,0,0,0,0.0,0.0,0.0,0,0.0,0.0,0.0,0,0.0,0.0,0.0,0,0.0,0.0,0.0,0,0.0,0.0,0.0,0,0.0,0.0,0.0,0,0.0,0.0,0.0,0,0.0,0.0,0.0,0,0.0,0.0,0.0,0,0.0,0.0,0.0,,,,0.0,0.0,0.0,0.0,0.0,0.0,0.0,0.0,,0,Mixed-Use Locality
Grid_130,G,18.9925,72.95,South Mumbai,0,0,0,0,0,0,0,0,0,0,0,0,0,0,0.0,0.0,0.0,0,0.0,0.0,0.0,0,0.0,0.0,0.0,0,0.0,0.0,0.0,0,0.0,0.0,0.0,0,0.0,0.0,0.0,0,0.0,0.0,0.0,0,0.0,0.0,0.0,0,0.0,0.0,0.0,0,0.0,0.0,0.0,,,,0.0,0.0,0.0,0.0,0.0,0.0,0.0,0.0,,0,Mixed-Use Locality
Grid_131,G,18.9925,72.97,Navi Mumbai,0,0,0,0,0,0,0,0,0,0,0,0,0,0,0.0,0.0,0.0,0,0.0,0.0,0.0,0,0.0,0.0,0.0,0,0.0,0.0,0.0,0,0.0,0.0,0.0,0,0.0,0.0,0.0,0,0.0,0.0,0.0,0,0.0,0.0,0.0,0,0.0,0.0,0.0,0,0.0,0.0,0.0,,,,0.0,0.0,0.0,0.0,0.0,0.0,0.0,0.0,,0,Mixed-Use Locality
Grid_132,G,18.9925,72.99,Navi Mumbai,0,0,0,0,0,0,0,0,0,0,0,0,0,0,0.0,0.0,0.0,0,0.0,0.0,0.0,0,0.0,0.0,0.0,0,0.0,0.0,0.0,0,0.0,0.0,0.0,0,0.0,0.0,0.0,0,0.0,0.0,0.0,0,0.0,0.0,0.0,0,0.0,0.0,0.0,0,0.0,0.0,0.0,,,,0.0,0.0,0.0,0.0,0.0,0.0,0.0,0.0,,0,Mixed-Use Locality
Grid_133,G,18.9925,73.01,Navi Mumbai,0,0,0,0,0,0,0,0,0,0,0,0,0,0,0.0,0.0,0.0,0,0.0,0.0,0.0,0,0.0,0.0,0.0,0,0.0,0.0,0.0,0,0.0,0.0,0.0,0,0.0,0.0,0.0,0,0.0,0.0,0.0,0,0.0,0.0,0.0,0,0.0,0.0,0.0,0,0.0,0.0,0.0,,,,0.0,0.0,0.0,0.0,0.0,0.0,0.0,0.0,,0,Mixed-Use Locality
Grid_134,G,18.9925,73.03,Navi Mumbai,0,0,0,0,0,0,0,0,0,0,0,0,0,0,0.0,0.0,0.0,0,0.0,0.0,0.0,0,0.0,0.0,0.0,0,0.0,0.0,0.0,0,0.0,0.0,0.0,0,0.0,0.0,0.0,0,0.0,0.0,0.0,0,0.0,0.0,0.0,0,0.0,0.0,0.0,0,0.0,0.0,0.0,,,,0.0,0.0,0.0,0.0,0.0,0.0,0.0,0.0,,0,Mixed-Use Locality
Grid_135,G,18.9925,73.05,Navi Mumbai,0,0,4,0,0,2,0,0,2,0,12,4,0,0,0.0,0.0,0.0,0,0.0,0.0,0.0,0,0.0,0.0,0.0,0,0.0,0.0,0.0,0,0.0,0.0,0.0,0,0.0,0.0,0.0,0,0.0,0.0,0.0,0,0.0,0.0,0.0,0,0.0,0.0,0.0,0,0.0,0.0,0.0,,,,0.6,1.1,0.8,0.5,1.5,0.0,2.5,0.0,,0,Mixed-Use Locality
Grid_136,G,18.9925,73.07,Navi Mumbai,0,0,0,0,0,0,0,0,0,0,0,0,0,0,0.0,0.0,0.0,0,0.0,0.0,0.0,0,0.0,0.0,0.0,0,0.0,0.0,0.0,0,0.0,0.0,0.0,0,0.0,0.0,0.0,0,0.0,0.0,0.0,0,0.0,0.0,0.0,0,0.0,0.0,0.0,0,0.0,0.0,0.0,,,,0.0,0.0,0.0,0.0,0.0,0.0,0.0,0.0,,0,Mixed-Use Locality
Grid_137,G,18.9925,73.09,Navi Mumbai,0,0,0,0,0,0,0,0,4,0,0,0,0,0,0.0,0.0,0.0,0,0.0,0.0,0.0,0,0.0,0.0,0.0,0,0.0,0.0,0.0,0,0.0,0.0,0.0,0,0.0,0.0,0.0,0,0.0,0.0,0.0,0,0.0,0.0,0.0,0,0.0,0.0,0.0,0,0.0,0.0,0.0,,,,0.0,0.0,0.0,0.0,0.0,0.0,0.0,0.0,,0,Mixed-Use Locality
Grid_138,G,18.9925,73.11,Navi Mumbai,0,0,0,0,0,0,0,0,0,0,0,0,0,12,4.46,137.38,2.7,4,4.03,25.92,1.0,0,0.0,0.0,0.0,0,0.0,0.0,0.0,0,0.0,0.0,0.0,18,4.68,247.97,0.7,10,4.33,103.9,5.7,6,4.34,50.66,6.0,0,0.0,0.0,0.0,0,0.0,0.0,0.0,,,,0.0,0.0,0.0,0.0,0.0,0.0,0.0,0.0,,0,Mixed-Use Locality
Grid_139,G,18.9925,73.13,Navi Mumbai,0,0,0,0,0,0,0,0,0,0,0,0,0,0,0.0,0.0,0.0,0,0.0,0.0,0.0,0,0.0,0.0,0.0,0,0.0,0.0,0.0,0,0.0,0.0,0.0,0,0.0,0.0,0.0,0,0.0,0.0,0.0,0,0.0,0.0,0.0,0,0.0,0.0,0.0,0,0.0,0.0,0.0,,,,0.0,0.0,0.0,0.0,0.0,0.0,0.0,0.0,,0,Mixed-Use Locality
Grid_140,G,18.9925,73.15,Navi Mumbai,0,0,0,0,0,0,0,0,0,0,0,0,0,0,0.0,0.0,0.0,0,0.0,0.0,0.0,0,0.0,0.0,0.0,0,0.0,0.0,0.0,0,0.0,0.0,0.0,0,0.0,0.0,0.0,0,0.0,0.0,0.0,0,0.0,0.0,0.0,0,0.0,0.0,0.0,0,0.0,0.0,0.0,,,,0.0,0.0,0.0,0.0,0.0,0.0,0.0,0.0,,0,Mixed-Use Locality
Grid_141,G,19.00958,72.77,South Mumbai,0,0,0,0,0,0,0,0,0,0,0,0,0,0,0.0,0.0,0.0,0,0.0,0.0,0.0,0,0.0,0.0,0.0,0,0.0,0.0,0.0,0,0.0,0.0,0.0,0,0.0,0.0,0.0,0,0.0,0.0,0.0,0,0.0,0.0,0.0,0,0.0,0.0,0.0,0,0.0,0.0,0.0,,,,0.0,0.0,0.0,0.0,0.0,0.0,0.0,0.0,,0,Mixed-Use Locality
Grid_142,G,19.00958,72.79,South Mumbai,0,0,0,0,0,0,0,0,0,0,0,0,0,0,0.0,0.0,0.0,0,0.0,0.0,0.0,0,0.0,0.0,0.0,0,0.0,0.0,0.0,0,0.0,0.0,0.0,0,0.0,0.0,0.0,0,0.0,0.0,0.0,0,0.0,0.0,0.0,0,0.0,0.0,0.0,0,0.0,0.0,0.0,,,,0.0,0.0,0.0,0.0,0.0,0.0,0.0,0.0,,0,Mixed-Use Locality
Grid_143,G,19.00958,72.81,South Mumbai,2,6,22,6,16,4,0,14,20,12,4,4,0,0,0.0,0.0,0.0,0,0.0,0.0,0.0,0,0.0,0.0,0.0,0,0.0,0.0,0.0,0,0.0,0.0,0.0,0,0.0,0.0,0.0,0,0.0,0.0,0.0,0,0.0,0.0,0.0,0,0.0,0.0,0.0,0,0.0,0.0,0.0,,,,7.0,7.2,5.2,4.6,5.3,6.3,5.0,15.789473684210526,,3,Mixed-Use Locality
Grid_144,G,19.00958,72.83,South Mumbai,8,8,134,14,58,42,2,60,36,38,8,32,8,32,4.32,483.55,9.5,8,4.16,73.05,2.7,8,4.26,74.86,36.5,6,4.09,47.79,4.3,10,4.58,109.94,4.0,68,4.67,1345.97,4.0,58,4.63,1094.5,60.6,10,4.48,107.43,12.7,10,4.27,102.47,23.5,4,3.85,24.76,89.6,,,,31.5,35.6,30.1,25.4,38.1,22.4,52.5,36.84210526315789,,1,Corporate Hub
Grid_145,G,19.00958,72.85,South Mumbai,18,0,132,14,62,12,2,84,2,40,4,16,2,0,0.0,0.0,0.0,0,0.0,0.0,0.0,0,0.0,0.0,0.0,0,0.0,0.0,0.0,0,0.0,0.0,0.0,0,0.0,0.0,0.0,0,0.0,0.0,0.0,0,0.0,0.0,0.0,0,0.0,0.0,0.0,0,0.0,0.0,0.0,,,,23.2,20.9,19.2,18.5,19.6,22.9,15.0,36.84210526315789,,2,Mixed-Use Locality
Grid_146,G,19.00958,72.87,South Mumbai,4,0,6,4,2,2,0,6,2,4,0,0,0,0,0.0,0.0,0.0,0,0.0,0.0,0.0,0,0.0,0.0,0.0,0,0.0,0.0,0.0,0,0.0,0.0,0.0,6,4.33,50.55,0.1,2,4.15,9.11,0.5,0,0.0,0.0,0.0,0,0.0,0.0,0.0,0,0.0,0.0,0.0,,,,2.5,4.0,2.5,1.8,2.3,3.2,2.5,10.526315789473683,,0,Mixed-Use Locality
Grid_147,G,19.00958,72.89,South Mumbai,0,0,0,0,0,0,0,0,0,0,0,0,0,0,0.0,0.0,0.0,0,0.0,0.0,0.0,0,0.0,0.0,0.0,0,0.0,0.0,0.0,0,0.0,0.0,0.0,0,0.0,0.0,0.0,0,0.0,0.0,0.0,0,0.0,0.0,0.0,0,0.0,0.0,0.0,0,0.0,0.0,0.0,,,,0.0,0.0,0.0,0.0,0.0,0.0,0.0,0.0,,0,Mixed-Use Locality
Grid_148,G,19.00958,72.91,South Mumbai,0,0,2,0,0,2,0,0,0,0,0,0,0,0,0.0,0.0,0.0,0,0.0,0.0,0.0,0,0.0,0.0,0.0,0,0.0,0.0,0.0,0,0.0,0.0,0.0,0,0.0,0.0,0.0,0,0.0,0.0,0.0,0,0.0,0.0,0.0,0,0.0,0.0,0.0,0,0.0,0.0,0.0,,,,0.6,1.1,0.8,0.5,1.4,0.0,2.5,0.0,,0,Mixed-Use Locality
Grid_149,G,19.00958,72.93,South Mumbai,0,0,0,0,0,0,0,0,0,0,0,0,0,0,0.0,0.0,0.0,0,0.0,0.0,0.0,0,0.0,0.0,0.0,0,0.0,0.0,0.0,0,0.0,0.0,0.0,0,0.0,0.0,0.0,0,0.0,0.0,0.0,0,0.0,0.0,0.0,0,0.0,0.0,0.0,0,0.0,0.0,0.0,,,,0.0,0.0,0.0,0.0,0.0,0.0,0.0,0.0,,0,Mixed-Use Locality
Grid_150,G,19.00958,72.95,South Mumbai,0,0,0,0,0,0,0,0,0,0,0,0,0,0,0.0,0.0,0.0,0,0.0,0.0,0.0,0,0.0,0.0,0.0,0,0.0,0.0,0.0,0,0.0,0.0,0.0,0,0.0,0.0,0.0,0,0.0,0.0,0.0,0,0.0,0.0,0.0,0,0.0,0.0,0.0,0,0.0,0.0,0.0,,,,0.0,0.0,0.0,0.0,0.0,0.0,0.0,0.0,,0,Mixed-Use Locality
Grid_151,G,19.00958,72.97,Navi Mumbai,0,0,0,0,0,0,0,0,0,0,0,0,0,0,0.0,0.0,0.0,0,0.0,0.0,0.0,0,0.0,0.0,0.0,0,0.0,0.0,0.0,0,0.0,0.0,0.0,0,0.0,0.0,0.0,0,0.0,0.0,0.0,0,0.0,0.0,0.0,0,0.0,0.0,0.0,0,0.0,0.0,0.0,,,,0.0,0.0,0.0,0.0,0.0,0.0,0.0,0.0,,0,Mixed-Use Locality
Grid_152,G,19.00958,72.99,Navi Mumbai,0,0,0,0,0,0,0,0,0,0,0,0,0,0,0.0,0.0,0.0,0,0.0,0.0,0.0,0,0.0,0.0,0.0,0,0.0,0.0,0.0,0,0.0,0.0,0.0,0,0.0,0.0,0.0,0,0.0,0.0,0.0,0,0.0,0.0,0.0,0,0.0,0.0,0.0,0,0.0,0.0,0.0,,,,0.0,0.0,0.0,0.0,0.0,0.0,0.0,0.0,,0,Mixed-Use Locality
Grid_153,G,19.00958,73.01,Navi Mumbai,0,0,0,0,0,0,0,0,0,0,0,0,0,6,3.96,46.26,0.9,2,3.65,8.01,0.3,0,0.0,0.0,0.0,0,0.0,0.0,0.0,0,0.0,0.0,0.0,18,4.45,235.8,0.7,16,4.75,215.32,11.9,2,4.16,9.15,1.1,0,0.0,0.0,0.0,0,0.0,0.0,0.0,,,,0.0,0.0,0.0,0.0,0.0,0.0,0.0,0.0,,0,Mixed-Use Locality
Grid_154,G,19.00958,73.03,Navi Mumbai,2,0,72,8,22,30,2,20,44,54,32,64,6,0,0.0,0.0,0.0,0,0.0,0.0,0.0,0,0.0,0.0,0.0,0,0.0,0.0,0.0,0,0.0,0.0,0.0,0,0.0,0.0,0.0,0,0.0,0.0,0.0,0,0.0,0.0,0.0,0,0.0,0.0,0.0,0,0.0,0.0,0.0,,,,20.5,22.0,26.8,25.8,24.0,23.4,37.5,21.052631578947366,,1,Corporate Hub
Grid_155,G,19.00958,73.05,Navi Mumbai,0,0,0,0,0,0,0,0,0,0,0,0,0,24,4.74,365.96,7.2,4,4.12,26.52,1.0,0,0.0,0.0,0.0,0,0.0,0.0,0.0,0,0.0,0.0,0.0,12,4.7,144.55,0.4,6,3.88,45.25,2.5,4,4.23,27.25,3.2,0,0.0,0.0,0.0,0,0.0,0.0,0.0,,,,0.0,0.0,0.0,0.0,0.0,0.0,0.0,0.0,,0,Mixed-Use Locality
Grid_156,G,19.00958,73.07,Navi Mumbai,2,0,6,0,0,0,0,0,4,0,0,0,0,0,0.0,0.0,0.0,0,0.0,0.0,0.0,0,0.0,0.0,0.0,0,0.0,0.0,0.0,0,0.0,0.0,0.0,0,0.0,0.0,0.0,0,0.0,0.0,0.0,0,0.0,0.0,0.0,0,0.0,0.0,0.0,0,0.0,0.0,0.0,,,,0.3,0.5,0.0,0.1,0.7,0.0,0.0,0.0,,0,Mixed-Use Locality
Grid_157,G,19.00958,73.09,Navi Mumbai,4,0,10,0,2,0,0,28,12,0,0,16,0,16,4.41,199.88,3.9,0,0.0,0.0,0.0,0,0.0,0.0,0.0,0,0.0,0.0,0.0,0,0.0,0.0,0.0,6,4.08,47.69,0.1,2,3.69,8.11,0.4,0,0.0,0.0,0.0,0,0.0,0.0,0.0,0,0.0,0.0,0.0,,,,1.0,1.0,0.0,0.2,1.3,0.0,0.0,0.0,,0,Mixed-Use Locality
Grid_158,G,19.00958,73.11,Navi Mumbai,0,0,24,0,4,2,0,40,8,4,0,8,0,0,0.0,0.0,0.0,0,0.0,0.0,0.0,0,0.0,0.0,0.0,0,0.0,0.0,0.0,0,0.0,0.0,0.0,0,0.0,0.0,0.0,0,0.0,0.0,0.0,0,0.0,0.0,0.0,0,0.0,0.0,0.0,0,0.0,0.0,0.0,,,,1.6,1.8,1.5,1.6,2.9,1.1,2.5,0.0,,0,Mixed-Use Locality
Grid_159,G,19.00958,73.13,Navi Mumbai,0,0,6,0,2,0,0,16,0,2,2,4,0,4,3.82,24.57,0.5,2,3.72,8.17,0.3,0,0.0,0.0,0.0,0,0.0,0.0,0.0,0,0.0,0.0,0.0,2,3.84,8.43,0.0,2,3.66,8.04,0.4,0,0.0,0.0,0.0,0,0.0,0.0,0.0,0,0.0,0.0,0.0,,,,0.5,0.2,0.4,0.5,0.4,0.5,0.0,0.0,,0,Mixed-Use Locality
Grid_160,G,19.00958,73.15,Navi Mumbai,0,0,0,0,0,0,0,0,0,0,0,0,0,0,0.0,0.0,0.0,0,0.0,0.0,0.0,0,0.0,0.0,0.0,0,0.0,0.0,0.0,0,0.0,0.0,0.0,0,0.0,0.0,0.0,0,0.0,0.0,0.0,0,0.0,0.0,0.0,0,0.0,0.0,0.0,0,0.0,0.0,0.0,,,,0.0,0.0,0.0,0.0,0.0,0.0,0.0,0.0,,0,Mixed-Use Locality
Grid_161,G,19.02667,72.77,South Mumbai,0,0,0,0,0,0,0,0,0,0,0,0,0,0,0.0,0.0,0.0,0,0.0,0.0,0.0,0,0.0,0.0,0.0,0,0.0,0.0,0.0,0,0.0,0.0,0.0,0,0.0,0.0,0.0,0,0.0,0.0,0.0,0,0.0,0.0,0.0,0,0.0,0.0,0.0,0,0.0,0.0,0.0,,,,0.0,0.0,0.0,0.0,0.0,0.0,0.0,0.0,,0,Mixed-Use Locality
Grid_162,G,19.02667,72.79,South Mumbai,0,0,0,0,0,0,0,0,0,0,0,0,0,0,0.0,0.0,0.0,0,0.0,0.0,0.0,0,0.0,0.0,0.0,0,0.0,0.0,0.0,0,0.0,0.0,0.0,0,0.0,0.0,0.0,0,0.0,0.0,0.0,0,0.0,0.0,0.0,0,0.0,0.0,0.0,0,0.0,0.0,0.0,,,,0.0,0.0,0.0,0.0,0.0,0.0,0.0,0.0,,0,Mixed-Use Locality
Grid_163,G,19.02667,72.81,South Mumbai,0,0,0,0,0,0,0,0,0,0,0,0,0,0,0.0,0.0,0.0,0,0.0,0.0,0.0,0,0.0,0.0,0.0,0,0.0,0.0,0.0,0,0.0,0.0,0.0,0,0.0,0.0,0.0,0,0.0,0.0,0.0,0,0.0,0.0,0.0,0,0.0,0.0,0.0,0,0.0,0.0,0.0,,,,0.0,0.0,0.0,0.0,0.0,0.0,0.0,0.0,,0,Mixed-Use Locality
Grid_164,G,19.02667,72.83,South Mumbai,0,0,0,0,0,0,0,0,0,0,0,0,0,46,4.57,809.07,16.0,24,4.57,353.39,13.2,6,4.37,50.97,24.8,4,3.77,24.26,2.2,8,4.07,71.55,2.6,132,4.63,2989.78,8.8,36,4.22,548.16,30.3,4,3.72,23.97,2.8,4,3.85,24.77,5.7,0,0.0,0.0,0.0,,,,0.0,0.0,0.0,0.0,0.0,0.0,0.0,0.0,,0,Mixed-Use Locality
Grid_165,G,19.02667,72.85,South Mumbai,20,6,184,38,94,24,10,136,2,46,36,72,4,72,4.46,1376.54,27.2,36,4.56,592.58,22.1,4,3.99,25.69,12.5,20,4.27,259.75,23.4,20,4.29,261.43,9.5,414,4.61,11516.11,34.0,94,4.22,1807.45,100.0,10,4.54,108.95,12.8,2,3.73,8.2,1.9,0,0.0,0.0,0.0,,,,43.3,42.6,47.1,39.5,32.0,57.1,30.0,100.0,,2,Mixed-Use Locality
Grid_166,G,19.02667,72.87,South Mumbai,0,0,0,0,0,0,0,0,0,0,0,0,0,0,0.0,0.0,0.0,0,0.0,0.0,0.0,0,0.0,0.0,0.0,0,0.0,0.0,0.0,0,0.0,0.0,0.0,0,0.0,0.0,0.0,0,0.0,0.0,0.0,0,0.0,0.0,0.0,0,0.0,0.0,0.0,0,0.0,0.0,0.0,,,,0.0,0.0,0.0,0.0,0.0,0.0,0.0,0.0,,0,Mixed-Use Locality
Grid_167,G,19.02667,72.89,South Mumbai,0,0,0,0,0,0,0,0,0,0,0,0,0,0,0.0,0.0,0.0,0,0.0,0.0,0.0,0,0.0,0.0,0.0,2,3.82,8.38,0.8,0,0.0,0.0,0.0,0,0.0,0.0,0.0,0,0.0,0.0,0.0,0,0.0,0.0,0.0,0,0.0,0.0,0.0,0,0.0,0.0,0.0,,,,0.0,0.0,0.0,0.0,0.0,0.0,0.0,0.0,,0,Mixed-Use Locality
Grid_168,G,19.02667,72.91,South Mumbai,0,0,0,0,0,0,0,0,0,0,0,0,0,0,0.0,0.0,0.0,0,0.0,0.0,0.0,0,0.0,0.0,0.0,0,0.0,0.0,0.0,0,0.0,0.0,0.0,0,0.0,0.0,0.0,0,0.0,0.0,0.0,0,0.0,0.0,0.0,0,0.0,0.0,0.0,0,0.0,0.0,0.0,,,,0.0,0.0,0.0,0.0,0.0,0.0,0.0,0.0,,0,Mixed-Use Locality
Grid_169,G,19.02667,72.93,South Mumbai,0,0,0,0,0,0,0,0,0,0,0,0,0,6,4.26,49.72,1.0,2,4.16,9.14,0.3,2,4.02,8.82,4.3,0,0.0,0.0,0.0,8,4.41,77.54,2.8,56,4.41,999.25,3.0,6,4.2,49.02,2.7,8,3.98,69.98,8.2,0,0.0,0.0,0.0,0,0.0,0.0,0.0,,,,0.0,0.0,0.0,0.0,0.0,0.0,0.0,0.0,,0,Mixed-Use Locality
Grid_170,G,19.02667,72.95,South Mumbai,0,0,0,0,0,0,0,0,0,0,0,0,0,0,0.0,0.0,0.0,0,0.0,0.0,0.0,2,3.65,8.03,3.9,0,0.0,0.0,0.0,0,0.0,0.0,0.0,10,4.51,108.15,0.3,12,4.16,128.09,7.1,8,4.4,77.27,9.1,0,0.0,0.0,0.0,0,0.0,0.0,0.0,,,,0.0,0.0,0.0,0.0,0.0,0.0,0.0,0.0,,0,Mixed-Use Locality
Grid_171,G,19.02667,72.97,Navi Mumbai,0,0,0,0,0,0,0,0,0,0,0,0,0,0,0.0,0.0,0.0,0,0.0,0.0,0.0,0,0.0,0.0,0.0,0,0.0,0.0,0.0,0,0.0,0.0,0.0,0,0.0,0.0,0.0,0,0.0,0.0,0.0,0,0.0,0.0,0.0,0,0.0,0.0,0.0,0,0.0,0.0,0.0,,,,0.0,0.0,0.0,0.0,0.0,0.0,0.0,0.0,,0,Mixed-Use Locality
Grid_172,G,19.02667,72.99,Navi Mumbai,0,0,0,0,0,0,0,0,0,0,0,0,0,0,0.0,0.0,0.0,0,0.0,0.0,0.0,0,0.0,0.0,0.0,0,0.0,0.0,0.0,0,0.0,0.0,0.0,0,0.0,0.0,0.0,0,0.0,0.0,0.0,0,0.0,0.0,0.0,0,0.0,0.0,0.0,0,0.0,0.0,0.0,,,,0.0,0.0,0.0,0.0,0.0,0.0,0.0,0.0,,0,Mixed-Use Locality
Grid_173,G,19.02667,73.01,Navi Mumbai,0,0,0,0,0,0,0,0,0,0,0,0,0,28,4.74,447.22,8.8,8,4.09,71.87,2.7,6,4.38,51.18,24.9,8,4.39,77.16,6.9,4,3.89,25.06,0.9,44,4.69,785.54,2.3,20,4.31,262.42,14.5,8,4.32,75.91,8.9,2,4.06,8.93,2.0,0,0.0,0.0,0.0,,,,0.0,0.0,0.0,0.0,0.0,0.0,0.0,0.0,,0,Mixed-Use Locality
Grid_174,G,19.02667,73.03,Navi Mumbai,8,12,134,8,18,30,4,30,110,74,2,8,0,8,3.9,68.57,1.4,2,3.91,8.58,0.3,0,0.0,0.0,0.0,2,3.67,8.07,0.7,2,3.62,7.96,0.3,26,4.34,371.87,1.1,18,4.51,239.12,13.2,4,4.29,27.6,3.3,0,0.0,0.0,0.0,4,4.29,27.62,100.0,,,,26.1,27.1,34.3,36.1,31.3,33.7,37.5,21.052631578947366,,1,Corporate Hub
Grid_175,G,19.02667,73.05,Navi Mumbai,0,0,0,0,0,0,0,0,0,0,0,0,0,8,4.43,77.91,1.5,2,3.66,8.05,0.3,0,0.0,0.0,0.0,0,0.0,0.0,0.0,2,3.67,8.07,0.3,10,4.38,105.01,0.3,14,4.66,176.78,9.8,4,4.14,26.65,3.1,0,0.0,0.0,0.0,0,0.0,0.0,0.0,,,,0.0,0.0,0.0,0.0,0.0,0.0,0.0,0.0,,0,Mixed-Use Locality
Grid_176,G,19.02667,73.07,Navi Mumbai,0,0,0,0,0,0,0,0,0,0,0,0,0,14,4.3,162.9,3.2,6,4.26,49.78,1.9,0,0.0,0.0,0.0,0,0.0,0.0,0.0,0,0.0,0.0,0.0,24,4.36,337.13,1.0,8,4.31,75.84,4.2,4,4.24,27.3,3.2,0,0.0,0.0,0.0,0,0.0,0.0,0.0,,,,0.0,0.0,0.0,0.0,0.0,0.0,0.0,0.0,,0,Mixed-Use Locality
Grid_177,G,19.02667,73.09,Navi Mumbai,0,0,24,0,8,6,0,44,6,6,0,20,4,0,0.0,0.0,0.0,0,0.0,0.0,0.0,0,0.0,0.0,0.0,0,0.0,0.0,0.0,0,0.0,0.0,0.0,0,0.0,0.0,0.0,0,0.0,0.0,0.0,0,0.0,0.0,0.0,0,0.0,0.0,0.0,0,0.0,0.0,0.0,,,,3.6,3.8,3.3,3.1,5.4,1.6,7.5,0.0,,0,Mixed-Use Locality
Grid_178,G,19.02667,73.11,Navi Mumbai,0,0,0,0,0,0,0,0,0,0,0,0,0,0,0.0,0.0,0.0,0,0.0,0.0,0.0,0,0.0,0.0,0.0,0,0.0,0.0,0.0,0,0.0,0.0,0.0,0,0.0,0.0,0.0,0,0.0,0.0,0.0,0,0.0,0.0,0.0,0,0.0,0.0,0.0,0,0.0,0.0,0.0,,,,0.0,0.0,0.0,0.0,0.0,0.0,0.0,0.0,,0,Mixed-Use Locality
Grid_179,G,19.02667,73.13,Navi Mumbai,0,0,0,0,0,0,0,0,0,0,0,0,0,0,0.0,0.0,0.0,0,0.0,0.0,0.0,0,0.0,0.0,0.0,0,0.0,0.0,0.0,0,0.0,0.0,0.0,0,0.0,0.0,0.0,0,0.0,0.0,0.0,0,0.0,0.0,0.0,0,0.0,0.0,0.0,0,0.0,0.0,0.0,,,,0.0,0.0,0.0,0.0,0.0,0.0,0.0,0.0,,0,Mixed-Use Locality
Grid_180,G,19.02667,73.15,Navi Mumbai,0,0,0,0,0,0,0,0,0,0,0,0,0,0,0.0,0.0,0.0,0,0.0,0.0,0.0,0,0.0,0.0,0.0,0,0.0,0.0,0.0,0,0.0,0.0,0.0,0,0.0,0.0,0.0,0,0.0,0.0,0.0,0,0.0,0.0,0.0,0,0.0,0.0,0.0,0,0.0,0.0,0.0,,,,0.0,0.0,0.0,0.0,0.0,0.0,0.0,0.0,,0,Mixed-Use Locality
Grid_181,G,19.04375,72.77,South Mumbai,0,0,0,0,0,0,0,0,0,0,0,0,0,0,0.0,0.0,0.0,0,0.0,0.0,0.0,0,0.0,0.0,0.0,0,0.0,0.0,0.0,0,0.0,0.0,0.0,0,0.0,0.0,0.0,0,0.0,0.0,0.0,0,0.0,0.0,0.0,0,0.0,0.0,0.0,0,0.0,0.0,0.0,,,,0.0,0.0,0.0,0.0,0.0,0.0,0.0,0.0,,0,Mixed-Use Locality
Grid_182,G,19.04375,72.79,South Mumbai,0,0,0,0,0,0,0,0,0,0,0,0,0,0,0.0,0.0,0.0,0,0.0,0.0,0.0,0,0.0,0.0,0.0,0,0.0,0.0,0.0,0,0.0,0.0,0.0,0,0.0,0.0,0.0,0,0.0,0.0,0.0,0,0.0,0.0,0.0,0,0.0,0.0,0.0,0,0.0,0.0,0.0,,,,0.0,0.0,0.0,0.0,0.0,0.0,0.0,0.0,,0,Mixed-Use Locality
Grid_183,G,19.04375,72.81,South Mumbai,0,0,14,2,2,4,0,0,2,22,8,0,0,0,0.0,0.0,0.0,8,4.36,76.63,2.9,0,0.0,0.0,0.0,0,0.0,0.0,0.0,0,0.0,0.0,0.0,4,4.14,26.64,0.1,2,3.91,8.59,0.5,2,4.12,9.04,1.1,0,0.0,0.0,0.0,0,0.0,0.0,0.0,,,,3.8,3.5,5.9,6.8,3.5,6.8,5.0,5.263157894736842,,0,Mixed-Use Locality
Grid_184,G,19.04375,72.83,South Mumbai,0,0,0,0,0,0,0,0,0,0,0,0,0,0,0.0,0.0,0.0,0,0.0,0.0,0.0,0,0.0,0.0,0.0,0,0.0,0.0,0.0,0,0.0,0.0,0.0,0,0.0,0.0,0.0,0,0.0,0.0,0.0,0,0.0,0.0,0.0,0,0.0,0.0,0.0,0,0.0,0.0,0.0,,,,0.0,0.0,0.0,0.0,0.0,0.0,0.0,0.0,,0,Mixed-Use Locality
Grid_185,G,19.04375,72.85,South Mumbai,0,0,0,0,0,0,0,0,0,0,0,0,0,46,4.43,784.76,15.5,14,4.32,163.64,6.1,4,3.9,25.12,12.2,8,4.37,76.83,6.9,4,4.26,27.46,1.0,92,4.29,1790.64,5.3,56,4.49,1016.65,56.2,4,4.01,25.85,3.0,6,3.93,45.9,10.5,0,0.0,0.0,0.0,,,,0.0,0.0,0.0,0.0,0.0,0.0,0.0,0.0,,0,Mixed-Use Locality
Grid_186,G,19.04375,72.87,South Mumbai,12,2,82,20,12,18,0,46,10,20,4,20,0,20,4.22,256.77,5.1,4,4.08,26.27,1.0,0,0.0,0.0,0.0,2,4.09,9.0,0.8,2,3.63,7.98,0.3,58,4.66,1101.21,3.3,12,4.58,140.83,7.8,10,4.46,106.93,12.6,2,3.76,8.26,1.9,0,0.0,0.0,0.0,,,,14.5,24.7,15.5,10.5,19.2,15.8,22.5,52.63157894736842,,2,Mixed-Use Locality
Grid_187,G,19.04375,72.89,South Mumbai,0,0,0,0,0,0,0,0,0,0,0,0,0,20,4.64,282.63,5.6,8,4.02,70.74,2.6,2,3.8,8.36,4.1,6,4.2,49.01,4.4,2,3.9,8.57,0.3,42,4.43,699.84,2.1,8,4.01,70.44,3.9,4,3.71,23.91,2.8,2,4.04,8.87,2.0,0,0.0,0.0,0.0,,,,0.0,0.0,0.0,0.0,0.0,0.0,0.0,0.0,,0,Mixed-Use Locality
Grid_188,G,19.04375,72.91,South Mumbai,8,38,20,12,28,6,0,46,24,34,8,28,2,0,0.0,0.0,0.0,0,0.0,0.0,0.0,0,0.0,0.0,0.0,0,0.0,0.0,0.0,0,0.0,0.0,0.0,0,0.0,0.0,0.0,0,0.0,0.0,0.0,0,0.0,0.0,0.0,0,0.0,0.0,0.0,0,0.0,0.0,0.0,,,,18.5,17.6,11.4,13.0,12.7,15.3,7.5,31.57894736842105,,3,Mixed-Use Locality
Grid_189,G,19.04375,72.93,South Mumbai,0,0,0,0,0,0,0,0,0,0,0,0,0,0,0.0,0.0,0.0,0,0.0,0.0,0.0,0,0.0,0.0,0.0,0,0.0,0.0,0.0,0,0.0,0.0,0.0,0,0.0,0.0,0.0,0,0.0,0.0,0.0,0,0.0,0.0,0.0,0,0.0,0.0,0.0,0,0.0,0.0,0.0,,,,0.0,0.0,0.0,0.0,0.0,0.0,0.0,0.0,,0,Mixed-Use Locality
Grid_190,G,19.04375,72.95,South Mumbai,0,0,0,0,0,0,0,0,0,0,0,0,0,2,3.62,7.95,0.2,0,0.0,0.0,0.0,2,3.6,7.92,3.9,0,0.0,0.0,0.0,0,0.0,0.0,0.0,10,4.31,103.36,0.3,20,4.54,276.17,15.3,8,4.41,77.5,9.1,0,0.0,0.0,0.0,0,0.0,0.0,0.0,,,,0.0,0.0,0.0,0.0,0.0,0.0,0.0,0.0,,0,Mixed-Use Locality
Grid_191,G,19.04375,72.97,Navi Mumbai,0,0,0,0,0,0,0,0,0,0,0,0,0,0,0.0,0.0,0.0,0,0.0,0.0,0.0,0,0.0,0.0,0.0,0,0.0,0.0,0.0,0,0.0,0.0,0.0,0,0.0,0.0,0.0,0,0.0,0.0,0.0,0,0.0,0.0,0.0,0,0.0,0.0,0.0,0,0.0,0.0,0.0,,,,0.0,0.0,0.0,0.0,0.0,0.0,0.0,0.0,,0,Mixed-Use Locality
Grid_192,G,19.04375,72.99,Navi Mumbai,0,0,0,0,0,0,0,0,0,0,0,0,0,0,0.0,0.0,0.0,0,0.0,0.0,0.0,0,0.0,0.0,0.0,0,0.0,0.0,0.0,0,0.0,0.0,0.0,0,0.0,0.0,0.0,0,0.0,0.0,0.0,0,0.0,0.0,0.0,0,0.0,0.0,0.0,0,0.0,0.0,0.0,,,,0.0,0.0,0.0,0.0,0.0,0.0,0.0,0.0,,0,Mixed-Use Locality
Grid_193,G,19.04375,73.01,Navi Mumbai,4,0,120,20,26,2,0,28,22,6,8,24,4,0,0.0,0.0,0.0,0,0.0,0.0,0.0,0,0.0,0.0,0.0,0,0.0,0.0,0.0,0,0.0,0.0,0.0,0,0.0,0.0,0.0,0,0.0,0.0,0.0,0,0.0,0.0,0.0,0,0.0,0.0,0.0,0,0.0,0.0,0.0,,,,8.8,16.3,7.1,2.3,10.2,12.1,2.5,52.63157894736842,,2,Mixed-Use Locality
Grid_194,G,19.04375,73.03,Navi Mumbai,0,0,0,0,0,0,0,0,0,0,0,0,0,2,3.94,8.66,0.2,0,0.0,0.0,0.0,0,0.0,0.0,0.0,4,4.09,26.35,2.4,0,0.0,0.0,0.0,82,4.51,1635.66,4.8,14,4.75,180.14,10.0,8,4.44,78.11,9.2,0,0.0,0.0,0.0,0,0.0,0.0,0.0,,,,0.0,0.0,0.0,0.0,0.0,0.0,0.0,0.0,,0,Mixed-Use Locality
Grid_195,G,19.04375,73.05,Navi Mumbai,0,4,8,4,4,2,0,8,14,36,0,0,0,0,0.0,0.0,0.0,0,0.0,0.0,0.0,0,0.0,0.0,0.0,0,0.0,0.0,0.0,0,0.0,0.0,0.0,0,0.0,0.0,0.0,0,0.0,0.0,0.0,0,0.0,0.0,0.0,0,0.0,0.0,0.0,0,0.0,0.0,0.0,,,,5.7,4.0,8.1,10.2,2.5,11.6,2.5,10.526315789473683,,0,Mixed-Use Locality
Grid_196,G,19.04375,73.07,Navi Mumbai,0,0,0,0,0,0,0,0,0,0,0,0,0,28,4.41,415.65,8.2,6,4.39,51.28,1.9,4,4.06,26.13,12.7,0,0.0,0.0,0.0,2,3.92,8.61,0.3,38,4.79,667.35,2.0,24,4.26,329.01,18.2,4,4.28,27.54,3.2,0,0.0,0.0,0.0,0,0.0,0.0,0.0,,,,0.0,0.0,0.0,0.0,0.0,0.0,0.0,0.0,,0,Mixed-Use Locality
Grid_197,G,19.04375,73.09,Navi Mumbai,0,0,10,0,6,2,0,22,0,6,0,4,0,0,0.0,0.0,0.0,0,0.0,0.0,0.0,0,0.0,0.0,0.0,0,0.0,0.0,0.0,0,0.0,0.0,0.0,0,0.0,0.0,0.0,0,0.0,0.0,0.0,0,0.0,0.0,0.0,0,0.0,0.0,0.0,0,0.0,0.0,0.0,,,,2.1,1.3,1.8,2.1,1.9,1.6,2.5,0.0,,0,Mixed-Use Locality
Grid_198,G,19.04375,73.11,Navi Mumbai,4,0,0,0,0,0,0,12,0,0,0,4,0,4,3.82,24.58,0.5,0,0.0,0.0,0.0,0,0.0,0.0,0.0,0,0.0,0.0,0.0,0,0.0,0.0,0.0,2,4.13,9.08,0.0,0,0.0,0.0,0.0,0,0.0,0.0,0.0,0,0.0,0.0,0.0,0,0.0,0.0,0.0,,,,0.7,0.7,0.0,0.2,0.7,0.0,0.0,0.0,,0,Mixed-Use Locality
Grid_199,G,19.04375,73.13,Navi Mumbai,0,0,0,0,0,0,0,0,0,0,0,0,0,0,0.0,0.0,0.0,0,0.0,0.0,0.0,0,0.0,0.0,0.0,0,0.0,0.0,0.0,0,0.0,0.0,0.0,0,0.0,0.0,0.0,0,0.0,0.0,0.0,0,0.0,0.0,0.0,0,0.0,0.0,0.0,0,0.0,0.0,0.0,,,,0.0,0.0,0.0,0.0,0.0,0.0,0.0,0.0,,0,Mixed-Use Locality
Grid_200,G,19.04375,73.15,Navi Mumbai,0,0,0,0,0,0,0,0,0,0,0,0,0,0,0.0,0.0,0.0,0,0.0,0.0,0.0,0,0.0,0.0,0.0,0,0.0,0.0,0.0,0,0.0,0.0,0.0,0,0.0,0.0,0.0,0,0.0,0.0,0.0,0,0.0,0.0,0.0,0,0.0,0.0,0.0,0,0.0,0.0,0.0,,,,0.0,0.0,0.0,0.0,0.0,0.0,0.0,0.0,,0,Mixed-Use Locality
Grid_201,G,19.06083,72.77,West Suburbs,0,0,0,0,0,0,0,0,0,0,0,0,0,0,0.0,0.0,0.0,0,0.0,0.0,0.0,0,0.0,0.0,0.0,0,0.0,0.0,0.0,0,0.0,0.0,0.0,0,0.0,0.0,0.0,0,0.0,0.0,0.0,0,0.0,0.0,0.0,0,0.0,0.0,0.0,0,0.0,0.0,0.0,,,,0.0,0.0,0.0,0.0,0.0,0.0,0.0,0.0,,0,Mixed-Use Locality
Grid_202,G,19.06083,72.79,West Suburbs,0,0,0,0,0,0,0,0,0,0,0,0,0,0,0.0,0.0,0.0,0,0.0,0.0,0.0,0,0.0,0.0,0.0,0,0.0,0.0,0.0,0,0.0,0.0,0.0,0,0.0,0.0,0.0,0,0.0,0.0,0.0,0,0.0,0.0,0.0,0,0.0,0.0,0.0,0,0.0,0.0,0.0,,,,0.0,0.0,0.0,0.0,0.0,0.0,0.0,0.0,,0,Mixed-Use Locality
Grid_203,G,19.06083,72.81,West Suburbs,0,0,0,0,0,0,0,0,0,0,0,0,0,0,0.0,0.0,0.0,0,0.0,0.0,0.0,0,0.0,0.0,0.0,0,0.0,0.0,0.0,0,0.0,0.0,0.0,0,0.0,0.0,0.0,0,0.0,0.0,0.0,0,0.0,0.0,0.0,0,0.0,0.0,0.0,0,0.0,0.0,0.0,,,,0.0,0.0,0.0,0.0,0.0,0.0,0.0,0.0,,0,Mixed-Use Locality
Grid_204,G,19.06083,72.83,West Suburbs,6,0,212,20,40,50,0,82,20,114,120,202,14,202,4.72,5064.91,100.0,120,4.66,2681.55,100.0,14,4.7,178.23,86.9,58,4.7,1111.11,100.0,128,4.42,2748.13,100.0,1104,4.37,33832.02,100.0,40,4.27,634.34,35.1,36,4.73,615.01,72.5,30,4.23,435.73,100.0,4,3.97,25.54,92.5,,,,35.7,43.8,44.0,42.8,46.9,40.5,62.5,52.63157894736842,,4,Corporate Hub
Grid_205,G,19.06083,72.85,West Suburbs,10,16,152,10,20,80,2,44,18,30,6,50,2,0,0.0,0.0,0.0,0,0.0,0.0,0.0,0,0.0,0.0,0.0,0,0.0,0.0,0.0,0,0.0,0.0,0.0,0,0.0,0.0,0.0,0,0.0,0.0,0.0,0,0.0,0.0,0.0,0,0.0,0.0,0.0,0,0.0,0.0,0.0,,,,38.0,54.8,41.9,33.3,64.8,18.2,100.0,26.31578947368421,,4,Corporate Hub
Grid_206,G,19.06083,72.87,West Suburbs,6,8,108,8,14,62,0,56,20,20,8,48,0,48,4.28,800.3,15.8,8,4.43,77.78,2.9,0,0.0,0.0,0.0,0,0.0,0.0,0.0,0,0.0,0.0,0.0,28,4.38,413.35,1.2,14,4.51,170.97,9.5,14,4.71,178.72,21.1,4,4.09,26.35,6.0,0,0.0,0.0,0.0,,,,26.8,41.2,28.9,21.5,48.5,9.5,77.5,21.052631578947366,,4,Corporate Hub
Grid_207,G,19.06083,72.89,West Suburbs,18,12,112,6,26,8,2,106,2,40,12,36,6,0,0.0,0.0,0.0,0,0.0,0.0,0.0,0,0.0,0.0,0.0,0,0.0,0.0,0.0,0,0.0,0.0,0.0,0,0.0,0.0,0.0,0,0.0,0.0,0.0,0,0.0,0.0,0.0,0,0.0,0.0,0.0,0,0.0,0.0,0.0,,,,17.3,16.0,15.6,18.2,17.7,18.7,10.0,15.789473684210526,,3,Mixed-Use Locality
Grid_208,G,19.06083,72.91,East Suburbs,10,24,62,4,50,16,2,118,8,38,20,42,2,42,4.44,701.73,13.9,20,4.5,274.31,10.2,2,3.75,8.23,4.0,6,4.27,49.89,4.5,4,3.93,25.3,0.9,162,4.62,3816.18,11.3,50,4.56,895.74,49.6,20,4.31,262.42,30.9,6,4.23,49.44,11.3,0,0.0,0.0,0.0,,,,23.6,17.8,17.7,19.9,19.9,17.1,20.0,10.526315789473683,,3,Mixed-Use Locality
Grid_209,G,19.06083,72.93,East Suburbs,4,18,48,0,22,8,0,40,0,2,4,20,0,0,0.0,0.0,0.0,0,0.0,0.0,0.0,0,0.0,0.0,0.0,0,0.0,0.0,0.0,0,0.0,0.0,0.0,0,0.0,0.0,0.0,0,0.0,0.0,0.0,0,0.0,0.0,0.0,0,0.0,0.0,0.0,0,0.0,0.0,0.0,,,,9.6,9.3,3.4,3.7,11.9,0.5,10.0,0.0,,3,Mixed-Use Locality
Grid_210,G,19.06083,72.95,East Suburbs,0,0,0,0,0,0,0,0,0,0,0,0,0,0,0.0,0.0,0.0,0,0.0,0.0,0.0,0,0.0,0.0,0.0,0,0.0,0.0,0.0,0,0.0,0.0,0.0,0,0.0,0.0,0.0,0,0.0,0.0,0.0,0,0.0,0.0,0.0,0,0.0,0.0,0.0,0,0.0,0.0,0.0,,,,0.0,0.0,0.0,0.0,0.0,0.0,0.0,0.0,,0,Mixed-Use Locality
Grid_211,G,19.06083,72.97,East Suburbs,0,0,0,0,0,0,0,0,0,0,0,0,0,0,0.0,0.0,0.0,0,0.0,0.0,0.0,0,0.0,0.0,0.0,0,0.0,0.0,0.0,0,0.0,0.0,0.0,0,0.0,0.0,0.0,0,0.0,0.0,0.0,0,0.0,0.0,0.0,0,0.0,0.0,0.0,0,0.0,0.0,0.0,,,,0.0,0.0,0.0,0.0,0.0,0.0,0.0,0.0,,0,Mixed-Use Locality
Grid_212,G,19.06083,72.99,East Suburbs,0,0,0,0,0,0,0,0,0,0,0,0,0,0,0.0,0.0,0.0,0,0.0,0.0,0.0,0,0.0,0.0,0.0,0,0.0,0.0,0.0,0,0.0,0.0,0.0,0,0.0,0.0,0.0,0,0.0,0.0,0.0,0,0.0,0.0,0.0,0,0.0,0.0,0.0,0,0.0,0.0,0.0,,,,0.0,0.0,0.0,0.0,0.0,0.0,0.0,0.0,,0,Mixed-Use Locality
Grid_213,G,19.06083,73.01,East Suburbs,6,0,122,6,26,18,6,10,46,14,8,18,0,0,0.0,0.0,0.0,0,0.0,0.0,0.0,0,0.0,0.0,0.0,0,0.0,0.0,0.0,0,0.0,0.0,0.0,0,0.0,0.0,0.0,0,0.0,0.0,0.0,0,0.0,0.0,0.0,0,0.0,0.0,0.0,0,0.0,0.0,0.0,,,,17.2,17.4,22.8,20.5,20.7,21.8,22.5,15.789473684210526,,3,Mixed-Use Locality
Grid_214,G,19.06083,73.03,East Suburbs,2,0,32,2,0,4,0,0,4,4,0,2,0,2,4.08,8.97,0.2,0,0.0,0.0,0.0,0,0.0,0.0,0.0,0,0.0,0.0,0.0,0,0.0,0.0,0.0,8,4.11,72.32,0.2,0,0.0,0.0,0.0,0,0.0,0.0,0.0,2,4.1,9.01,2.1,0,0.0,0.0,0.0,,,,2.2,4.5,2.7,2.2,5.0,2.1,5.0,5.263157894736842,,0,Mixed-Use Locality
Grid_215,G,19.06083,73.05,East Suburbs,0,0,2,0,0,2,0,2,8,26,0,0,0,0,0.0,0.0,0.0,0,0.0,0.0,0.0,0,0.0,0.0,0.0,0,0.0,0.0,0.0,0,0.0,0.0,0.0,0,0.0,0.0,0.0,0,0.0,0.0,0.0,0,0.0,0.0,0.0,0,0.0,0.0,0.0,0,0.0,0.0,0.0,,,,2.9,1.1,5.3,7.3,1.4,6.8,2.5,0.0,,0,Mixed-Use Locality
Grid_216,G,19.06083,73.07,East Suburbs,4,8,0,0,8,0,0,24,14,0,2,8,0,0,0.0,0.0,0.0,0,0.0,0.0,0.0,0,0.0,0.0,0.0,0,0.0,0.0,0.0,0,0.0,0.0,0.0,0,0.0,0.0,0.0,0,0.0,0.0,0.0,0,0.0,0.0,0.0,0,0.0,0.0,0.0,0,0.0,0.0,0.0,,,,3.2,2.0,0.0,0.7,2.0,0.0,0.0,0.0,,0,Mixed-Use Locality
Grid_217,G,19.06083,73.09,East Suburbs,6,14,0,0,2,0,0,6,2,0,0,2,0,0,0.0,0.0,0.0,0,0.0,0.0,0.0,0,0.0,0.0,0.0,0,0.0,0.0,0.0,0,0.0,0.0,0.0,0,0.0,0.0,0.0,0,0.0,0.0,0.0,0,0.0,0.0,0.0,0,0.0,0.0,0.0,0,0.0,0.0,0.0,,,,3.6,3.3,0.0,1.1,3.3,0.0,0.0,0.0,,0,Mixed-Use Locality
Grid_218,G,19.06083,73.11,East Suburbs,2,0,0,0,0,0,0,0,2,2,0,0,0,0,0.0,0.0,0.0,0,0.0,0.0,0.0,0,0.0,0.0,0.0,0,0.0,0.0,0.0,0,0.0,0.0,0.0,0,0.0,0.0,0.0,0,0.0,0.0,0.0,2,3.76,8.27,1.0,0,0.0,0.0,0.0,0,0.0,0.0,0.0,,,,0.5,0.3,0.4,0.6,0.3,0.5,0.0,0.0,,0,Mixed-Use Locality
Grid_219,G,19.06083,73.13,East Suburbs,0,0,0,0,0,0,0,0,0,0,0,0,0,0,0.0,0.0,0.0,0,0.0,0.0,0.0,0,0.0,0.0,0.0,0,0.0,0.0,0.0,0,0.0,0.0,0.0,0,0.0,0.0,0.0,0,0.0,0.0,0.0,0,0.0,0.0,0.0,0,0.0,0.0,0.0,0,0.0,0.0,0.0,,,,0.0,0.0,0.0,0.0,0.0,0.0,0.0,0.0,,0,Mixed-Use Locality
Grid_220,G,19.06083,73.15,East Suburbs,0,0,0,0,0,0,0,0,0,0,0,0,0,0,0.0,0.0,0.0,0,0.0,0.0,0.0,0,0.0,0.0,0.0,0,0.0,0.0,0.0,0,0.0,0.0,0.0,0,0.0,0.0,0.0,0,0.0,0.0,0.0,0,0.0,0.0,0.0,0,0.0,0.0,0.0,0,0.0,0.0,0.0,,,,0.0,0.0,0.0,0.0,0.0,0.0,0.0,0.0,,0,Mixed-Use Locality
Grid_221,G,19.07792,72.77,West Suburbs,0,0,0,0,0,0,0,0,0,0,0,0,0,0,0.0,0.0,0.0,0,0.0,0.0,0.0,0,0.0,0.0,0.0,0,0.0,0.0,0.0,0,0.0,0.0,0.0,0,0.0,0.0,0.0,0,0.0,0.0,0.0,0,0.0,0.0,0.0,0,0.0,0.0,0.0,0,0.0,0.0,0.0,,,,0.0,0.0,0.0,0.0,0.0,0.0,0.0,0.0,,0,Mixed-Use Locality
Grid_222,G,19.07792,72.79,West Suburbs,0,0,0,0,0,0,0,0,0,0,0,0,0,0,0.0,0.0,0.0,0,0.0,0.0,0.0,0,0.0,0.0,0.0,0,0.0,0.0,0.0,0,0.0,0.0,0.0,0,0.0,0.0,0.0,0,0.0,0.0,0.0,0,0.0,0.0,0.0,0,0.0,0.0,0.0,0,0.0,0.0,0.0,,,,0.0,0.0,0.0,0.0,0.0,0.0,0.0,0.0,,0,Mixed-Use Locality
Grid_223,G,19.07792,72.81,West Suburbs,0,0,2,0,0,2,0,0,2,0,0,0,0,0,0.0,0.0,0.0,0,0.0,0.0,0.0,0,0.0,0.0,0.0,0,0.0,0.0,0.0,0,0.0,0.0,0.0,0,0.0,0.0,0.0,0,0.0,0.0,0.0,0,0.0,0.0,0.0,0,0.0,0.0,0.0,0,0.0,0.0,0.0,,,,0.6,1.1,0.8,0.5,1.4,0.0,2.5,0.0,,0,Mixed-Use Locality
Grid_224,G,19.07792,72.83,West Suburbs,2,0,104,6,28,18,2,72,8,46,50,70,4,0,0.0,0.0,0.0,0,0.0,0.0,0.0,0,0.0,0.0,0.0,0,0.0,0.0,0.0,0,0.0,0.0,0.0,0,0.0,0.0,0.0,0,0.0,0.0,0.0,0,0.0,0.0,0.0,0,0.0,0.0,0.0,0,0.0,0.0,0.0,,,,16.6,16.1,20.4,20.7,18.8,20.3,22.5,15.789473684210526,,3,Mixed-Use Locality
Grid_225,G,19.07792,72.85,West Suburbs,6,8,102,8,22,42,0,62,2,50,14,6,0,0,0.0,0.0,0.0,0,0.0,0.0,0.0,0,0.0,0.0,0.0,0,0.0,0.0,0.0,0,0.0,0.0,0.0,0,0.0,0.0,0.0,0,0.0,0.0,0.0,0,0.0,0.0,0.0,0,0.0,0.0,0.0,0,0.0,0.0,0.0,,,,24.4,31.0,26.6,24.4,35.6,17.4,52.5,21.052631578947366,,1,Corporate Hub
Grid_226,G,19.07792,72.87,West Suburbs,0,0,0,0,0,0,0,0,0,0,0,0,0,24,4.23,327.11,6.5,8,4.04,71.06,2.6,0,0.0,0.0,0.0,8,4.46,78.47,7.1,0,0.0,0.0,0.0,40,4.53,672.19,2.0,8,3.96,69.67,3.9,20,4.58,278.66,32.8,0,0.0,0.0,0.0,0,0.0,0.0,0.0,,,,0.0,0.0,0.0,0.0,0.0,0.0,0.0,0.0,,0,Mixed-Use Locality
Grid_227,G,19.07792,72.89,West Suburbs,6,0,60,6,14,46,8,48,10,66,4,24,2,0,0.0,0.0,0.0,0,0.0,0.0,0.0,0,0.0,0.0,0.0,0,0.0,0.0,0.0,0,0.0,0.0,0.0,0,0.0,0.0,0.0,0,0.0,0.0,0.0,0,0.0,0.0,0.0,0,0.0,0.0,0.0,0,0.0,0.0,0.0,,,,30.2,29.2,46.4,45.2,33.9,40.5,57.49999999999999,15.789473684210526,,1,Corporate Hub
Grid_228,G,19.07792,72.91,East Suburbs,0,0,0,0,0,0,0,0,0,0,0,0,0,0,0.0,0.0,0.0,0,0.0,0.0,0.0,0,0.0,0.0,0.0,0,0.0,0.0,0.0,0,0.0,0.0,0.0,0,0.0,0.0,0.0,0,0.0,0.0,0.0,0,0.0,0.0,0.0,0,0.0,0.0,0.0,0,0.0,0.0,0.0,,,,0.0,0.0,0.0,0.0,0.0,0.0,0.0,0.0,,0,Mixed-Use Locality
Grid_229,G,19.07792,72.93,East Suburbs,0,0,0,0,0,0,0,0,0,0,0,0,0,0,0.0,0.0,0.0,0,0.0,0.0,0.0,0,0.0,0.0,0.0,0,0.0,0.0,0.0,0,0.0,0.0,0.0,0,0.0,0.0,0.0,0,0.0,0.0,0.0,0,0.0,0.0,0.0,0,0.0,0.0,0.0,0,0.0,0.0,0.0,,,,0.0,0.0,0.0,0.0,0.0,0.0,0.0,0.0,,0,Mixed-Use Locality
Grid_230,G,19.07792,72.95,East Suburbs,0,0,0,0,0,0,0,0,0,0,0,0,0,0,0.0,0.0,0.0,0,0.0,0.0,0.0,0,0.0,0.0,0.0,0,0.0,0.0,0.0,0,0.0,0.0,0.0,0,0.0,0.0,0.0,0,0.0,0.0,0.0,0,0.0,0.0,0.0,0,0.0,0.0,0.0,0,0.0,0.0,0.0,,,,0.0,0.0,0.0,0.0,0.0,0.0,0.0,0.0,,0,Mixed-Use Locality
Grid_231,G,19.07792,72.97,East Suburbs,0,0,0,0,0,0,0,0,0,0,0,0,0,0,0.0,0.0,0.0,0,0.0,0.0,0.0,0,0.0,0.0,0.0,0,0.0,0.0,0.0,0,0.0,0.0,0.0,0,0.0,0.0,0.0,0,0.0,0.0,0.0,0,0.0,0.0,0.0,0,0.0,0.0,0.0,0,0.0,0.0,0.0,,,,0.0,0.0,0.0,0.0,0.0,0.0,0.0,0.0,,0,Mixed-Use Locality
Grid_232,G,19.07792,72.99,East Suburbs,0,0,0,0,0,0,0,0,0,0,0,0,0,6,3.84,44.83,0.9,4,4.21,27.08,1.0,0,0.0,0.0,0.0,8,4.05,71.16,6.4,8,4.15,72.94,2.7,128,4.35,2706.18,8.0,16,4.77,216.04,12.0,22,4.56,314.65,37.1,0,0.0,0.0,0.0,0,0.0,0.0,0.0,,,,0.0,0.0,0.0,0.0,0.0,0.0,0.0,0.0,,0,Mixed-Use Locality
Grid_233,G,19.07792,73.01,East Suburbs,4,0,124,6,24,10,6,42,36,12,4,14,0,0,0.0,0.0,0.0,0,0.0,0.0,0.0,0,0.0,0.0,0.0,0,0.0,0.0,0.0,0,0.0,0.0,0.0,0,0.0,0.0,0.0,0,0.0,0.0,0.0,0,0.0,0.0,0.0,0,0.0,0.0,0.0,0,0.0,0.0,0.0,,,,13.9,13.1,19.4,17.9,15.5,21.3,12.5,15.789473684210526,,3,Mixed-Use Locality
Grid_234,G,19.07792,73.03,East Suburbs,2,0,38,0,0,0,0,0,6,0,0,0,0,0,0.0,0.0,0.0,0,0.0,0.0,0.0,0,0.0,0.0,0.0,0,0.0,0.0,0.0,0,0.0,0.0,0.0,6,4.36,50.85,0.2,0,0.0,0.0,0.0,0,0.0,0.0,0.0,0,0.0,0.0,0.0,0,0.0,0.0,0.0,,,,0.3,1.6,0.0,0.1,3.0,0.0,0.0,0.0,,0,Mixed-Use Locality
Grid_235,G,19.07792,73.05,East Suburbs,0,0,0,0,0,0,0,0,0,0,0,0,0,0,0.0,0.0,0.0,0,0.0,0.0,0.0,0,0.0,0.0,0.0,0,0.0,0.0,0.0,0,0.0,0.0,0.0,0,0.0,0.0,0.0,0,0.0,0.0,0.0,0,0.0,0.0,0.0,0,0.0,0.0,0.0,0,0.0,0.0,0.0,,,,0.0,0.0,0.0,0.0,0.0,0.0,0.0,0.0,,0,Mixed-Use Locality
Grid_236,G,19.07792,73.07,East Suburbs,2,6,0,0,2,0,0,4,14,14,0,6,0,6,3.87,45.15,0.9,0,0.0,0.0,0.0,0,0.0,0.0,0.0,2,3.65,8.03,0.7,0,0.0,0.0,0.0,4,3.99,25.65,0.1,2,3.86,8.49,0.5,0,0.0,0.0,0.0,0,0.0,0.0,0.0,0,0.0,0.0,0.0,,,,2.8,1.3,2.5,4.1,1.3,3.7,0.0,0.0,,0,Mixed-Use Locality
Grid_237,G,19.07792,73.09,East Suburbs,0,0,0,0,0,0,0,0,0,0,0,0,0,0,0.0,0.0,0.0,0,0.0,0.0,0.0,0,0.0,0.0,0.0,0,0.0,0.0,0.0,0,0.0,0.0,0.0,0,0.0,0.0,0.0,0,0.0,0.0,0.0,0,0.0,0.0,0.0,0,0.0,0.0,0.0,0,0.0,0.0,0.0,,,,0.0,0.0,0.0,0.0,0.0,0.0,0.0,0.0,,0,Mixed-Use Locality
Grid_238,G,19.07792,73.11,East Suburbs,0,0,0,0,0,0,0,0,0,0,0,0,0,0,0.0,0.0,0.0,0,0.0,0.0,0.0,0,0.0,0.0,0.0,0,0.0,0.0,0.0,0,0.0,0.0,0.0,0,0.0,0.0,0.0,0,0.0,0.0,0.0,0,0.0,0.0,0.0,0,0.0,0.0,0.0,0,0.0,0.0,0.0,,,,0.0,0.0,0.0,0.0,0.0,0.0,0.0,0.0,,0,Mixed-Use Locality
Grid_239,G,19.07792,73.13,East Suburbs,0,0,0,0,0,0,0,0,0,0,0,0,0,0,0.0,0.0,0.0,0,0.0,0.0,0.0,0,0.0,0.0,0.0,0,0.0,0.0,0.0,0,0.0,0.0,0.0,0,0.0,0.0,0.0,0,0.0,0.0,0.0,0,0.0,0.0,0.0,0,0.0,0.0,0.0,0,0.0,0.0,0.0,,,,0.0,0.0,0.0,0.0,0.0,0.0,0.0,0.0,,0,Mixed-Use Locality
Grid_240,G,19.07792,73.15,East Suburbs,0,0,0,0,0,2,0,2,0,0,0,0,0,0,0.0,0.0,0.0,0,0.0,0.0,0.0,0,0.0,0.0,0.0,0,0.0,0.0,0.0,0,0.0,0.0,0.0,0,0.0,0.0,0.0,0,0.0,0.0,0.0,0,0.0,0.0,0.0,0,0.0,0.0,0.0,0,0.0,0.0,0.0,,,,0.6,1.0,0.8,0.5,1.2,0.0,2.5,0.0,,0,Mixed-Use Locality
Grid_241,G,19.095,72.77,West Suburbs,0,0,0,0,0,0,0,0,0,0,0,0,0,0,0.0,0.0,0.0,0,0.0,0.0,0.0,0,0.0,0.0,0.0,0,0.0,0.0,0.0,0,0.0,0.0,0.0,0,0.0,0.0,0.0,0,0.0,0.0,0.0,0,0.0,0.0,0.0,0,0.0,0.0,0.0,0,0.0,0.0,0.0,,,,0.0,0.0,0.0,0.0,0.0,0.0,0.0,0.0,,0,Mixed-Use Locality
Grid_242,G,19.095,72.79,West Suburbs,0,0,0,0,0,0,0,0,0,2,0,0,0,0,0.0,0.0,0.0,0,0.0,0.0,0.0,0,0.0,0.0,0.0,0,0.0,0.0,0.0,0,0.0,0.0,0.0,0,0.0,0.0,0.0,0,0.0,0.0,0.0,0,0.0,0.0,0.0,0,0.0,0.0,0.0,0,0.0,0.0,0.0,,,,0.2,0.0,0.4,0.5,0.0,0.5,0.0,0.0,,0,Mixed-Use Locality
Grid_243,G,19.095,72.81,West Suburbs,0,0,0,0,0,0,0,0,0,0,0,0,0,0,0.0,0.0,0.0,0,0.0,0.0,0.0,0,0.0,0.0,0.0,0,0.0,0.0,0.0,0,0.0,0.0,0.0,0,0.0,0.0,0.0,0,0.0,0.0,0.0,0,0.0,0.0,0.0,0,0.0,0.0,0.0,0,0.0,0.0,0.0,,,,0.0,0.0,0.0,0.0,0.0,0.0,0.0,0.0,,0,Mixed-Use Locality
Grid_244,G,19.095,72.83,West Suburbs,0,0,0,0,0,0,0,0,0,0,0,0,0,0,0.0,0.0,0.0,0,0.0,0.0,0.0,0,0.0,0.0,0.0,0,0.0,0.0,0.0,0,0.0,0.0,0.0,0,0.0,0.0,0.0,0,0.0,0.0,0.0,0,0.0,0.0,0.0,0,0.0,0.0,0.0,0,0.0,0.0,0.0,,,,0.0,0.0,0.0,0.0,0.0,0.0,0.0,0.0,,0,Mixed-Use Locality
Grid_245,G,19.095,72.85,West Suburbs,0,0,0,0,0,0,0,0,0,0,0,0,0,0,0.0,0.0,0.0,0,0.0,0.0,0.0,0,0.0,0.0,0.0,0,0.0,0.0,0.0,0,0.0,0.0,0.0,0,0.0,0.0,0.0,0,0.0,0.0,0.0,0,0.0,0.0,0.0,0,0.0,0.0,0.0,0,0.0,0.0,0.0,,,,0.0,0.0,0.0,0.0,0.0,0.0,0.0,0.0,,0,Mixed-Use Locality
Grid_246,G,19.095,72.87,West Suburbs,0,0,0,0,0,0,0,0,0,0,0,0,0,24,4.59,354.27,7.0,20,4.44,270.07,10.1,0,0.0,0.0,0.0,2,3.99,8.77,0.8,2,4.07,8.93,0.3,30,4.7,484.47,1.4,4,4.05,26.05,1.4,28,4.5,424.2,50.0,2,3.61,7.94,1.8,0,0.0,0.0,0.0,,,,0.0,0.0,0.0,0.0,0.0,0.0,0.0,0.0,,0,Mixed-Use Locality
Grid_247,G,19.095,72.89,West Suburbs,0,0,0,0,0,0,0,0,0,0,0,0,0,0,0.0,0.0,0.0,0,0.0,0.0,0.0,0,0.0,0.0,0.0,0,0.0,0.0,0.0,0,0.0,0.0,0.0,0,0.0,0.0,0.0,0,0.0,0.0,0.0,0,0.0,0.0,0.0,0,0.0,0.0,0.0,0,0.0,0.0,0.0,,,,0.0,0.0,0.0,0.0,0.0,0.0,0.0,0.0,,0,Mixed-Use Locality
Grid_248,G,19.095,72.91,East Suburbs,0,0,0,0,0,0,0,0,0,0,0,0,0,26,4.29,367.25,7.3,6,3.96,46.28,1.7,2,3.9,8.57,4.2,2,4.05,8.91,0.8,0,0.0,0.0,0.0,36,4.41,573.56,1.7,8,4.47,78.58,4.3,4,3.99,25.66,3.0,0,0.0,0.0,0.0,0,0.0,0.0,0.0,,,,0.0,0.0,0.0,0.0,0.0,0.0,0.0,0.0,,0,Mixed-Use Locality
Grid_249,G,19.095,72.93,East Suburbs,0,0,52,0,4,8,2,2,6,6,2,8,0,0,0.0,0.0,0.0,0,0.0,0.0,0.0,0,0.0,0.0,0.0,0,0.0,0.0,0.0,0,0.0,0.0,0.0,0,0.0,0.0,0.0,0,0.0,0.0,0.0,0,0.0,0.0,0.0,0,0.0,0.0,0.0,0,0.0,0.0,0.0,,,,5.1,5.8,8.1,7.6,8.6,6.6,10.0,0.0,,3,Mixed-Use Locality
Grid_250,G,19.095,72.95,East Suburbs,0,0,0,0,0,0,0,0,0,0,0,0,0,0,0.0,0.0,0.0,0,0.0,0.0,0.0,0,0.0,0.0,0.0,0,0.0,0.0,0.0,0,0.0,0.0,0.0,0,0.0,0.0,0.0,0,0.0,0.0,0.0,0,0.0,0.0,0.0,0,0.0,0.0,0.0,0,0.0,0.0,0.0,,,,0.0,0.0,0.0,0.0,0.0,0.0,0.0,0.0,,0,Mixed-Use Locality
Grid_251,G,19.095,72.97,East Suburbs,0,0,0,0,0,0,0,0,0,0,0,0,0,0,0.0,0.0,0.0,0,0.0,0.0,0.0,0,0.0,0.0,0.0,0,0.0,0.0,0.0,0,0.0,0.0,0.0,0,0.0,0.0,0.0,0,0.0,0.0,0.0,0,0.0,0.0,0.0,0,0.0,0.0,0.0,0,0.0,0.0,0.0,,,,0.0,0.0,0.0,0.0,0.0,0.0,0.0,0.0,,0,Mixed-Use Locality
Grid_252,G,19.095,72.99,East Suburbs,0,0,0,0,0,0,0,0,0,0,0,0,0,0,0.0,0.0,0.0,0,0.0,0.0,0.0,0,0.0,0.0,0.0,0,0.0,0.0,0.0,0,0.0,0.0,0.0,0,0.0,0.0,0.0,0,0.0,0.0,0.0,0,0.0,0.0,0.0,0,0.0,0.0,0.0,0,0.0,0.0,0.0,,,,0.0,0.0,0.0,0.0,0.0,0.0,0.0,0.0,,0,Mixed-Use Locality
Grid_253,G,19.095,73.01,East Suburbs,2,0,74,10,24,8,6,36,6,2,8,14,4,14,4.64,175.92,3.5,8,4.42,77.77,2.9,4,4.15,26.71,13.0,0,0.0,0.0,0.0,2,3.83,8.42,0.3,42,4.2,663.5,2.0,24,4.62,356.78,19.7,2,4.19,9.2,1.1,6,3.92,45.75,10.5,0,0.0,0.0,0.0,,,,12.7,12.1,18.0,14.6,10.4,20.8,10.0,26.31578947368421,,3,Mixed-Use Locality
Grid_254,G,19.095,73.03,East Suburbs,0,0,0,0,0,0,0,0,0,0,0,0,0,0,0.0,0.0,0.0,0,0.0,0.0,0.0,0,0.0,0.0,0.0,0,0.0,0.0,0.0,0,0.0,0.0,0.0,0,0.0,0.0,0.0,0,0.0,0.0,0.0,0,0.0,0.0,0.0,0,0.0,0.0,0.0,0,0.0,0.0,0.0,,,,0.0,0.0,0.0,0.0,0.0,0.0,0.0,0.0,,0,Mixed-Use Locality
Grid_255,G,19.095,73.05,East Suburbs,0,0,0,0,0,0,0,0,0,6,0,0,0,0,0.0,0.0,0.0,0,0.0,0.0,0.0,0,0.0,0.0,0.0,0,0.0,0.0,0.0,0,0.0,0.0,0.0,0,0.0,0.0,0.0,0,0.0,0.0,0.0,0,0.0,0.0,0.0,0,0.0,0.0,0.0,0,0.0,0.0,0.0,,,,0.5,0.0,1.1,1.6,0.0,1.6,0.0,0.0,,0,Mixed-Use Locality
Grid_256,G,19.095,73.07,East Suburbs,0,0,2,0,0,0,0,0,0,6,0,0,0,0,0.0,0.0,0.0,0,0.0,0.0,0.0,0,0.0,0.0,0.0,0,0.0,0.0,0.0,0,0.0,0.0,0.0,2,3.75,8.23,0.0,0,0.0,0.0,0.0,0,0.0,0.0,0.0,0,0.0,0.0,0.0,0,0.0,0.0,0.0,,,,0.5,0.1,1.1,1.6,0.1,1.6,0.0,0.0,,0,Mixed-Use Locality
Grid_257,G,19.095,73.09,East Suburbs,0,0,0,0,0,0,0,0,0,0,0,0,0,0,0.0,0.0,0.0,0,0.0,0.0,0.0,0,0.0,0.0,0.0,0,0.0,0.0,0.0,0,0.0,0.0,0.0,0,0.0,0.0,0.0,0,0.0,0.0,0.0,0,0.0,0.0,0.0,0,0.0,0.0,0.0,0,0.0,0.0,0.0,,,,0.0,0.0,0.0,0.0,0.0,0.0,0.0,0.0,,0,Mixed-Use Locality
Grid_258,G,19.095,73.11,East Suburbs,0,0,0,0,0,0,0,0,0,0,0,0,0,0,0.0,0.0,0.0,0,0.0,0.0,0.0,0,0.0,0.0,0.0,0,0.0,0.0,0.0,0,0.0,0.0,0.0,0,0.0,0.0,0.0,0,0.0,0.0,0.0,0,0.0,0.0,0.0,0,0.0,0.0,0.0,0,0.0,0.0,0.0,,,,0.0,0.0,0.0,0.0,0.0,0.0,0.0,0.0,,0,Mixed-Use Locality
Grid_259,G,19.095,73.13,East Suburbs,0,0,0,0,0,0,0,0,0,0,0,0,0,0,0.0,0.0,0.0,0,0.0,0.0,0.0,0,0.0,0.0,0.0,0,0.0,0.0,0.0,0,0.0,0.0,0.0,0,0.0,0.0,0.0,0,0.0,0.0,0.0,0,0.0,0.0,0.0,0,0.0,0.0,0.0,0,0.0,0.0,0.0,,,,0.0,0.0,0.0,0.0,0.0,0.0,0.0,0.0,,0,Mixed-Use Locality
Grid_260,G,19.095,73.15,East Suburbs,0,0,0,0,0,0,0,0,0,0,0,0,0,0,0.0,0.0,0.0,0,0.0,0.0,0.0,0,0.0,0.0,0.0,0,0.0,0.0,0.0,0,0.0,0.0,0.0,0,0.0,0.0,0.0,0,0.0,0.0,0.0,0,0.0,0.0,0.0,0,0.0,0.0,0.0,0,0.0,0.0,0.0,,,,0.0,0.0,0.0,0.0,0.0,0.0,0.0,0.0,,0,Mixed-Use Locality
Grid_261,G,19.11208,72.77,West Suburbs,0,0,0,0,0,0,0,0,0,0,0,0,0,0,0.0,0.0,0.0,0,0.0,0.0,0.0,0,0.0,0.0,0.0,0,0.0,0.0,0.0,0,0.0,0.0,0.0,0,0.0,0.0,0.0,0,0.0,0.0,0.0,0,0.0,0.0,0.0,0,0.0,0.0,0.0,0,0.0,0.0,0.0,,,,0.0,0.0,0.0,0.0,0.0,0.0,0.0,0.0,,0,Mixed-Use Locality
Grid_262,G,19.11208,72.79,West Suburbs,0,0,0,0,0,0,0,0,0,0,0,0,0,0,0.0,0.0,0.0,0,0.0,0.0,0.0,0,0.0,0.0,0.0,0,0.0,0.0,0.0,0,0.0,0.0,0.0,0,0.0,0.0,0.0,0,0.0,0.0,0.0,0,0.0,0.0,0.0,0,0.0,0.0,0.0,0,0.0,0.0,0.0,,,,0.0,0.0,0.0,0.0,0.0,0.0,0.0,0.0,,0,Mixed-Use Locality
Grid_263,G,19.11208,72.81,West Suburbs,0,0,0,0,0,0,0,0,0,0,0,0,0,0,0.0,0.0,0.0,0,0.0,0.0,0.0,0,0.0,0.0,0.0,0,0.0,0.0,0.0,0,0.0,0.0,0.0,0,0.0,0.0,0.0,0,0.0,0.0,0.0,0,0.0,0.0,0.0,0,0.0,0.0,0.0,0,0.0,0.0,0.0,,,,0.0,0.0,0.0,0.0,0.0,0.0,0.0,0.0,,0,Mixed-Use Locality
Grid_264,G,19.11208,72.83,West Suburbs,0,0,0,0,0,0,0,0,0,0,0,0,0,0,0.0,0.0,0.0,0,0.0,0.0,0.0,0,0.0,0.0,0.0,0,0.0,0.0,0.0,0,0.0,0.0,0.0,0,0.0,0.0,0.0,0,0.0,0.0,0.0,0,0.0,0.0,0.0,0,0.0,0.0,0.0,0,0.0,0.0,0.0,,,,0.0,0.0,0.0,0.0,0.0,0.0,0.0,0.0,,0,Mixed-Use Locality
Grid_265,G,19.11208,72.85,West Suburbs,14,42,164,10,46,38,2,130,2,70,24,62,0,62,4.35,1117.99,22.1,24,4.29,331.03,12.3,0,0.0,0.0,0.0,18,4.59,243.37,21.9,12,4.41,135.74,4.9,206,4.68,5140.9,15.2,46,4.66,825.11,45.7,50,4.32,848.5,100.0,4,4.12,26.53,6.1,0,0.0,0.0,0.0,,,,37.2,39.1,33.2,35.0,44.3,28.7,47.5,26.31578947368421,,1,Corporate Hub
Grid_266,G,19.11208,72.87,West Suburbs,0,0,0,0,0,0,0,0,0,0,0,0,0,0,0.0,0.0,0.0,0,0.0,0.0,0.0,0,0.0,0.0,0.0,0,0.0,0.0,0.0,0,0.0,0.0,0.0,0,0.0,0.0,0.0,0,0.0,0.0,0.0,0,0.0,0.0,0.0,0,0.0,0.0,0.0,0,0.0,0.0,0.0,,,,0.0,0.0,0.0,0.0,0.0,0.0,0.0,0.0,,0,Mixed-Use Locality
Grid_267,G,19.11208,72.89,West Suburbs,6,14,66,4,10,14,0,52,8,36,16,32,2,32,4.57,511.05,10.1,16,4.64,210.31,7.8,2,3.66,8.03,3.9,0,0.0,0.0,0.0,20,4.7,286.17,10.4,72,4.65,1437.64,4.2,10,4.22,101.12,5.6,32,4.21,470.76,55.5,2,4.19,9.2,2.1,2,3.7,8.12,29.4,,,,13.0,14.7,12.6,14.1,16.6,11.6,17.5,10.526315789473683,,3,Mixed-Use Locality
Grid_268,G,19.11208,72.91,East Suburbs,0,0,0,0,0,0,0,0,0,0,0,0,0,0,0.0,0.0,0.0,0,0.0,0.0,0.0,0,0.0,0.0,0.0,0,0.0,0.0,0.0,0,0.0,0.0,0.0,0,0.0,0.0,0.0,0,0.0,0.0,0.0,0,0.0,0.0,0.0,0,0.0,0.0,0.0,0,0.0,0.0,0.0,,,,0.0,0.0,0.0,0.0,0.0,0.0,0.0,0.0,,0,Mixed-Use Locality
Grid_269,G,19.11208,72.93,East Suburbs,2,0,104,4,20,12,2,28,2,4,0,0,0,0,0.0,0.0,0.0,0,0.0,0.0,0.0,0,0.0,0.0,0.0,0,0.0,0.0,0.0,0,0.0,0.0,0.0,0,0.0,0.0,0.0,0,0.0,0.0,0.0,0,0.0,0.0,0.0,0,0.0,0.0,0.0,0,0.0,0.0,0.0,,,,9.6,12.0,10.3,8.2,15.0,8.2,15.0,10.526315789473683,,3,Mixed-Use Locality
Grid_270,G,19.11208,72.95,East Suburbs,0,0,0,0,0,0,0,0,0,0,0,0,0,0,0.0,0.0,0.0,0,0.0,0.0,0.0,0,0.0,0.0,0.0,0,0.0,0.0,0.0,0,0.0,0.0,0.0,2,3.85,8.47,0.0,2,3.67,8.07,0.4,0,0.0,0.0,0.0,0,0.0,0.0,0.0,0,0.0,0.0,0.0,,,,0.0,0.0,0.0,0.0,0.0,0.0,0.0,0.0,,0,Mixed-Use Locality
Grid_271,G,19.11208,72.97,East Suburbs,0,0,0,0,0,0,0,0,0,0,0,0,0,0,0.0,0.0,0.0,0,0.0,0.0,0.0,0,0.0,0.0,0.0,0,0.0,0.0,0.0,0,0.0,0.0,0.0,0,0.0,0.0,0.0,0,0.0,0.0,0.0,0,0.0,0.0,0.0,0,0.0,0.0,0.0,0,0.0,0.0,0.0,,,,0.0,0.0,0.0,0.0,0.0,0.0,0.0,0.0,,0,Mixed-Use Locality
Grid_272,G,19.11208,72.99,East Suburbs,0,0,40,2,4,0,0,2,0,2,0,8,0,8,4.1,72.09,1.4,0,0.0,0.0,0.0,0,0.0,0.0,0.0,4,3.76,24.21,2.2,2,4.03,8.86,0.3,30,4.78,492.34,1.5,4,4.02,25.88,1.4,0,0.0,0.0,0.0,2,3.77,8.28,1.9,0,0.0,0.0,0.0,,,,1.1,2.4,0.9,0.5,2.8,1.6,0.0,5.263157894736842,,0,Mixed-Use Locality
Grid_273,G,19.11208,73.01,East Suburbs,0,0,0,0,0,0,0,0,0,0,0,0,0,0,0.0,0.0,0.0,0,0.0,0.0,0.0,0,0.0,0.0,0.0,0,0.0,0.0,0.0,0,0.0,0.0,0.0,0,0.0,0.0,0.0,0,0.0,0.0,0.0,0,0.0,0.0,0.0,0,0.0,0.0,0.0,0,0.0,0.0,0.0,,,,0.0,0.0,0.0,0.0,0.0,0.0,0.0,0.0,,0,Mixed-Use Locality
Grid_274,G,19.11208,73.03,East Suburbs,0,0,26,0,0,6,0,0,2,6,0,4,0,4,3.92,25.21,0.5,0,0.0,0.0,0.0,0,0.0,0.0,0.0,0,0.0,0.0,0.0,0,0.0,0.0,0.0,0,0.0,0.0,0.0,0,0.0,0.0,0.0,6,4.13,48.19,5.7,0,0.0,0.0,0.0,0,0.0,0.0,0.0,,,,2.4,3.9,3.3,3.1,5.5,1.6,7.5,0.0,,0,Mixed-Use Locality
Grid_275,G,19.11208,73.05,East Suburbs,0,0,0,0,0,0,0,0,0,0,0,0,0,0,0.0,0.0,0.0,0,0.0,0.0,0.0,0,0.0,0.0,0.0,0,0.0,0.0,0.0,0,0.0,0.0,0.0,0,0.0,0.0,0.0,0,0.0,0.0,0.0,0,0.0,0.0,0.0,0,0.0,0.0,0.0,0,0.0,0.0,0.0,,,,0.0,0.0,0.0,0.0,0.0,0.0,0.0,0.0,,0,Mixed-Use Locality
Grid_276,G,19.11208,73.07,East Suburbs,0,0,0,0,0,0,0,0,0,0,0,0,0,0,0.0,0.0,0.0,0,0.0,0.0,0.0,0,0.0,0.0,0.0,0,0.0,0.0,0.0,0,0.0,0.0,0.0,0,0.0,0.0,0.0,0,0.0,0.0,0.0,0,0.0,0.0,0.0,0,0.0,0.0,0.0,0,0.0,0.0,0.0,,,,0.0,0.0,0.0,0.0,0.0,0.0,0.0,0.0,,0,Mixed-Use Locality
Grid_277,G,19.11208,73.09,East Suburbs,0,0,0,0,0,0,0,0,0,0,0,0,0,0,0.0,0.0,0.0,0,0.0,0.0,0.0,0,0.0,0.0,0.0,0,0.0,0.0,0.0,0,0.0,0.0,0.0,0,0.0,0.0,0.0,0,0.0,0.0,0.0,0,0.0,0.0,0.0,0,0.0,0.0,0.0,0,0.0,0.0,0.0,,,,0.0,0.0,0.0,0.0,0.0,0.0,0.0,0.0,,0,Mixed-Use Locality
Grid_278,G,19.11208,73.11,East Suburbs,0,0,0,0,0,0,0,0,0,0,0,0,0,0,0.0,0.0,0.0,0,0.0,0.0,0.0,0,0.0,0.0,0.0,0,0.0,0.0,0.0,0,0.0,0.0,0.0,0,0.0,0.0,0.0,0,0.0,0.0,0.0,0,0.0,0.0,0.0,0,0.0,0.0,0.0,0,0.0,0.0,0.0,,,,0.0,0.0,0.0,0.0,0.0,0.0,0.0,0.0,,0,Mixed-Use Locality
Grid_279,G,19.11208,73.13,East Suburbs,0,0,0,0,0,0,0,0,0,0,0,0,0,0,0.0,0.0,0.0,0,0.0,0.0,0.0,0,0.0,0.0,0.0,0,0.0,0.0,0.0,0,0.0,0.0,0.0,0,0.0,0.0,0.0,0,0.0,0.0,0.0,0,0.0,0.0,0.0,0,0.0,0.0,0.0,0,0.0,0.0,0.0,,,,0.0,0.0,0.0,0.0,0.0,0.0,0.0,0.0,,0,Mixed-Use Locality
Grid_280,G,19.11208,73.15,East Suburbs,0,0,0,0,0,0,0,0,0,0,0,0,0,0,0.0,0.0,0.0,0,0.0,0.0,0.0,0,0.0,0.0,0.0,0,0.0,0.0,0.0,0,0.0,0.0,0.0,0,0.0,0.0,0.0,0,0.0,0.0,0.0,0,0.0,0.0,0.0,0,0.0,0.0,0.0,0,0.0,0.0,0.0,,,,0.0,0.0,0.0,0.0,0.0,0.0,0.0,0.0,,0,Mixed-Use Locality
Grid_281,G,19.12917,72.77,West Suburbs,0,0,0,0,0,0,0,0,0,0,0,0,0,0,0.0,0.0,0.0,0,0.0,0.0,0.0,0,0.0,0.0,0.0,0,0.0,0.0,0.0,0,0.0,0.0,0.0,0,0.0,0.0,0.0,0,0.0,0.0,0.0,0,0.0,0.0,0.0,0,0.0,0.0,0.0,0,0.0,0.0,0.0,,,,0.0,0.0,0.0,0.0,0.0,0.0,0.0,0.0,,0,Mixed-Use Locality
Grid_282,G,19.12917,72.79,West Suburbs,0,0,0,0,0,0,0,0,0,0,0,0,0,0,0.0,0.0,0.0,0,0.0,0.0,0.0,0,0.0,0.0,0.0,0,0.0,0.0,0.0,0,0.0,0.0,0.0,0,0.0,0.0,0.0,0,0.0,0.0,0.0,0,0.0,0.0,0.0,0,0.0,0.0,0.0,0,0.0,0.0,0.0,,,,0.0,0.0,0.0,0.0,0.0,0.0,0.0,0.0,,0,Mixed-Use Locality
Grid_283,G,19.12917,72.81,West Suburbs,0,0,0,0,0,0,0,0,0,0,0,0,0,62,4.45,1141.94,22.5,52,4.22,870.95,32.5,16,4.53,205.14,100.0,24,4.3,332.51,29.9,32,4.28,479.1,17.4,216,4.25,4944.14,14.6,10,4.14,99.29,5.5,2,4.1,9.0,1.1,10,4.08,97.94,22.5,0,0.0,0.0,0.0,,,,0.0,0.0,0.0,0.0,0.0,0.0,0.0,0.0,,0,Mixed-Use Locality
Grid_284,G,19.12917,72.83,West Suburbs,10,160,204,16,24,60,10,96,16,30,46,120,10,120,4.46,2568.43,50.7,46,4.74,840.12,31.3,10,4.28,102.7,50.1,50,4.43,871.04,78.4,50,4.37,859.83,31.3,494,4.64,14233.51,42.1,24,4.3,332.43,18.4,20,4.44,270.62,31.9,18,4.3,227.74,52.3,0,0.0,0.0,0.0,,,,63.0,73.5,52.0,52.2,79.6,41.3,75.0,42.10526315789473,,4,Corporate Hub
Grid_285,G,19.12917,72.85,West Suburbs,0,0,0,0,0,0,0,0,0,0,0,0,0,0,0.0,0.0,0.0,0,0.0,0.0,0.0,0,0.0,0.0,0.0,0,0.0,0.0,0.0,0,0.0,0.0,0.0,0,0.0,0.0,0.0,0,0.0,0.0,0.0,0,0.0,0.0,0.0,0,0.0,0.0,0.0,0,0.0,0.0,0.0,,,,0.0,0.0,0.0,0.0,0.0,0.0,0.0,0.0,,0,Mixed-Use Locality
Grid_286,G,19.12917,72.87,West Suburbs,0,0,0,0,0,0,0,0,0,0,0,0,0,18,4.58,242.86,4.8,6,4.02,46.93,1.8,0,0.0,0.0,0.0,0,0.0,0.0,0.0,0,0.0,0.0,0.0,20,4.65,283.33,0.8,8,4.21,74.02,4.1,4,4.28,27.57,3.2,0,0.0,0.0,0.0,0,0.0,0.0,0.0,,,,0.0,0.0,0.0,0.0,0.0,0.0,0.0,0.0,,0,Mixed-Use Locality
Grid_287,G,19.12917,72.89,West Suburbs,2,180,62,4,6,6,0,20,8,20,0,16,0,0,0.0,0.0,0.0,0,0.0,0.0,0.0,0,0.0,0.0,0.0,0,0.0,0.0,0.0,0,0.0,0.0,0.0,0,0.0,0.0,0.0,0,0.0,0.0,0.0,0,0.0,0.0,0.0,0,0.0,0.0,0.0,0,0.0,0.0,0.0,,,,35.1,37.2,6.8,16.8,38.0,7.4,7.5,10.526315789473683,,3,Mixed-Use Locality
Grid_288,G,19.12917,72.91,East Suburbs,0,0,0,0,0,0,0,0,0,0,0,0,0,84,4.69,1750.75,34.6,30,4.79,493.23,18.4,8,4.35,76.38,37.2,20,4.49,273.65,24.6,54,4.75,1027.77,37.4,470,4.72,13652.11,40.4,12,4.7,144.6,8.0,40,4.26,632.23,74.5,20,4.75,289.03,66.3,0,0.0,0.0,0.0,,,,0.0,0.0,0.0,0.0,0.0,0.0,0.0,0.0,,0,Mixed-Use Locality
Grid_289,G,19.12917,72.93,East Suburbs,0,0,0,0,0,0,0,0,0,0,0,0,0,0,0.0,0.0,0.0,0,0.0,0.0,0.0,0,0.0,0.0,0.0,0,0.0,0.0,0.0,0,0.0,0.0,0.0,0,0.0,0.0,0.0,0,0.0,0.0,0.0,0,0.0,0.0,0.0,0,0.0,0.0,0.0,0,0.0,0.0,0.0,,,,0.0,0.0,0.0,0.0,0.0,0.0,0.0,0.0,,0,Mixed-Use Locality
Grid_290,G,19.12917,72.95,East Suburbs,0,0,6,0,2,4,0,2,0,2,0,6,0,6,4.37,50.98,1.0,0,0.0,0.0,0.0,0,0.0,0.0,0.0,0,0.0,0.0,0.0,0,0.0,0.0,0.0,2,3.61,7.93,0.0,2,3.84,8.44,0.5,0,0.0,0.0,0.0,0,0.0,0.0,0.0,0,0.0,0.0,0.0,,,,1.7,2.2,1.9,1.5,2.9,0.5,5.0,0.0,,0,Mixed-Use Locality
Grid_291,G,19.12917,72.97,East Suburbs,0,0,0,0,0,0,0,0,0,0,0,0,0,0,0.0,0.0,0.0,0,0.0,0.0,0.0,0,0.0,0.0,0.0,0,0.0,0.0,0.0,0,0.0,0.0,0.0,0,0.0,0.0,0.0,0,0.0,0.0,0.0,0,0.0,0.0,0.0,0,0.0,0.0,0.0,0,0.0,0.0,0.0,,,,0.0,0.0,0.0,0.0,0.0,0.0,0.0,0.0,,0,Mixed-Use Locality
Grid_292,G,19.12917,72.99,East Suburbs,0,0,32,2,0,0,0,0,2,2,0,2,0,2,4.14,9.1,0.2,0,0.0,0.0,0.0,0,0.0,0.0,0.0,4,3.87,24.91,2.2,2,3.69,8.11,0.3,30,4.58,472.01,1.4,0,0.0,0.0,0.0,0,0.0,0.0,0.0,2,4.11,9.04,2.1,0,0.0,0.0,0.0,,,,0.5,2.2,0.9,0.5,2.2,1.6,0.0,5.263157894736842,,0,Mixed-Use Locality
Grid_293,G,19.12917,73.01,East Suburbs,0,0,0,0,0,0,0,0,0,0,0,0,0,0,0.0,0.0,0.0,0,0.0,0.0,0.0,0,0.0,0.0,0.0,0,0.0,0.0,0.0,0,0.0,0.0,0.0,8,4.39,77.17,0.2,0,0.0,0.0,0.0,2,4.08,8.97,1.1,0,0.0,0.0,0.0,0,0.0,0.0,0.0,,,,0.0,0.0,0.0,0.0,0.0,0.0,0.0,0.0,,0,Mixed-Use Locality
Grid_294,G,19.12917,73.03,East Suburbs,0,0,0,0,0,0,0,0,2,2,0,4,0,0,0.0,0.0,0.0,0,0.0,0.0,0.0,0,0.0,0.0,0.0,0,0.0,0.0,0.0,0,0.0,0.0,0.0,0,0.0,0.0,0.0,0,0.0,0.0,0.0,0,0.0,0.0,0.0,0,0.0,0.0,0.0,0,0.0,0.0,0.0,,,,0.2,0.0,0.4,0.5,0.0,0.5,0.0,0.0,,0,Mixed-Use Locality
Grid_295,G,19.12917,73.05,East Suburbs,0,0,0,0,0,0,0,0,0,0,0,0,0,0,0.0,0.0,0.0,0,0.0,0.0,0.0,0,0.0,0.0,0.0,0,0.0,0.0,0.0,0,0.0,0.0,0.0,0,0.0,0.0,0.0,0,0.0,0.0,0.0,0,0.0,0.0,0.0,0,0.0,0.0,0.0,0,0.0,0.0,0.0,,,,0.0,0.0,0.0,0.0,0.0,0.0,0.0,0.0,,0,Mixed-Use Locality
Grid_296,G,19.12917,73.07,East Suburbs,0,0,0,0,0,0,0,0,0,0,0,0,0,0,0.0,0.0,0.0,0,0.0,0.0,0.0,0,0.0,0.0,0.0,0,0.0,0.0,0.0,0,0.0,0.0,0.0,0,0.0,0.0,0.0,0,0.0,0.0,0.0,0,0.0,0.0,0.0,0,0.0,0.0,0.0,0,0.0,0.0,0.0,,,,0.0,0.0,0.0,0.0,0.0,0.0,0.0,0.0,,0,Mixed-Use Locality
Grid_297,G,19.12917,73.09,East Suburbs,0,0,0,0,0,0,0,0,0,0,0,0,0,0,0.0,0.0,0.0,0,0.0,0.0,0.0,0,0.0,0.0,0.0,0,0.0,0.0,0.0,0,0.0,0.0,0.0,0,0.0,0.0,0.0,0,0.0,0.0,0.0,0,0.0,0.0,0.0,0,0.0,0.0,0.0,0,0.0,0.0,0.0,,,,0.0,0.0,0.0,0.0,0.0,0.0,0.0,0.0,,0,Mixed-Use Locality
Grid_298,G,19.12917,73.11,East Suburbs,0,0,0,0,0,0,0,0,0,0,0,0,0,0,0.0,0.0,0.0,0,0.0,0.0,0.0,0,0.0,0.0,0.0,0,0.0,0.0,0.0,0,0.0,0.0,0.0,0,0.0,0.0,0.0,0,0.0,0.0,0.0,0,0.0,0.0,0.0,0,0.0,0.0,0.0,0,0.0,0.0,0.0,,,,0.0,0.0,0.0,0.0,0.0,0.0,0.0,0.0,,0,Mixed-Use Locality
Grid_299,G,19.12917,73.13,East Suburbs,0,0,0,0,0,0,0,0,0,0,0,2,0,0,0.0,0.0,0.0,0,0.0,0.0,0.0,0,0.0,0.0,0.0,0,0.0,0.0,0.0,0,0.0,0.0,0.0,0,0.0,0.0,0.0,0,0.0,0.0,0.0,0,0.0,0.0,0.0,0,0.0,0.0,0.0,0,0.0,0.0,0.0,,,,0.0,0.0,0.0,0.0,0.0,0.0,0.0,0.0,,0,Mixed-Use Locality
Grid_300,G,19.12917,73.15,East Suburbs,0,0,0,0,0,0,0,0,0,0,0,0,0,0,0.0,0.0,0.0,0,0.0,0.0,0.0,0,0.0,0.0,0.0,0,0.0,0.0,0.0,0,0.0,0.0,0.0,0,0.0,0.0,0.0,0,0.0,0.0,0.0,0,0.0,0.0,0.0,0,0.0,0.0,0.0,0,0.0,0.0,0.0,,,,0.0,0.0,0.0,0.0,0.0,0.0,0.0,0.0,,0,Mixed-Use Locality
Grid_301,G,19.14625,72.77,West Suburbs,0,0,0,0,0,0,0,0,0,0,0,0,0,0,0.0,0.0,0.0,0,0.0,0.0,0.0,0,0.0,0.0,0.0,0,0.0,0.0,0.0,0,0.0,0.0,0.0,0,0.0,0.0,0.0,0,0.0,0.0,0.0,0,0.0,0.0,0.0,0,0.0,0.0,0.0,0,0.0,0.0,0.0,,,,0.0,0.0,0.0,0.0,0.0,0.0,0.0,0.0,,0,Mixed-Use Locality
Grid_302,G,19.14625,72.79,West Suburbs,0,0,10,0,0,0,0,0,2,10,0,0,0,0,0.0,0.0,0.0,0,0.0,0.0,0.0,0,0.0,0.0,0.0,0,0.0,0.0,0.0,0,0.0,0.0,0.0,0,0.0,0.0,0.0,0,0.0,0.0,0.0,8,4.36,76.59,9.0,0,0.0,0.0,0.0,0,0.0,0.0,0.0,,,,0.9,0.3,1.8,2.6,0.7,2.6,0.0,0.0,,0,Mixed-Use Locality
Grid_303,G,19.14625,72.81,West Suburbs,0,0,0,0,0,0,0,0,0,0,0,0,0,0,0.0,0.0,0.0,0,0.0,0.0,0.0,0,0.0,0.0,0.0,0,0.0,0.0,0.0,0,0.0,0.0,0.0,0,0.0,0.0,0.0,0,0.0,0.0,0.0,0,0.0,0.0,0.0,0,0.0,0.0,0.0,0,0.0,0.0,0.0,,,,0.0,0.0,0.0,0.0,0.0,0.0,0.0,0.0,,0,Mixed-Use Locality
Grid_304,G,19.14625,72.83,West Suburbs,6,10,112,6,34,62,10,64,14,34,64,84,14,0,0.0,0.0,0.0,0,0.0,0.0,0.0,0,0.0,0.0,0.0,0,0.0,0.0,0.0,0,0.0,0.0,0.0,0,0.0,0.0,0.0,0,0.0,0.0,0.0,0,0.0,0.0,0.0,0,0.0,0.0,0.0,0,0.0,0.0,0.0,,,,38.6,40.7,50.8,45.3,49.1,37.1,77.5,15.789473684210526,,4,Corporate Hub
Grid_305,G,19.14625,72.85,West Suburbs,0,0,0,0,0,0,0,0,0,0,0,0,0,0,0.0,0.0,0.0,0,0.0,0.0,0.0,0,0.0,0.0,0.0,0,0.0,0.0,0.0,0,0.0,0.0,0.0,0,0.0,0.0,0.0,0,0.0,0.0,0.0,0,0.0,0.0,0.0,0,0.0,0.0,0.0,0,0.0,0.0,0.0,,,,0.0,0.0,0.0,0.0,0.0,0.0,0.0,0.0,,0,Mixed-Use Locality
Grid_306,G,19.14625,72.87,West Suburbs,0,4,20,6,4,2,0,22,0,4,4,0,2,0,0.0,0.0,0.0,4,3.93,25.29,0.9,2,3.67,8.07,3.9,0,0.0,0.0,0.0,0,0.0,0.0,0.0,6,4.01,46.79,0.1,4,3.94,25.38,1.4,4,3.74,24.07,2.8,0,0.0,0.0,0.0,0,0.0,0.0,0.0,,,,3.2,5.5,3.0,1.8,3.3,4.2,2.5,15.789473684210526,,0,Mixed-Use Locality
Grid_307,G,19.14625,72.89,West Suburbs,0,0,0,0,0,0,0,0,0,0,0,0,0,0,0.0,0.0,0.0,0,0.0,0.0,0.0,0,0.0,0.0,0.0,0,0.0,0.0,0.0,0,0.0,0.0,0.0,0,0.0,0.0,0.0,0,0.0,0.0,0.0,0,0.0,0.0,0.0,0,0.0,0.0,0.0,0,0.0,0.0,0.0,,,,0.0,0.0,0.0,0.0,0.0,0.0,0.0,0.0,,0,Mixed-Use Locality
Grid_308,G,19.14625,72.91,East Suburbs,0,0,24,28,0,0,0,0,4,20,2,6,4,0,0.0,0.0,0.0,0,0.0,0.0,0.0,0,0.0,0.0,0.0,0,0.0,0.0,0.0,0,0.0,0.0,0.0,0,0.0,0.0,0.0,0,0.0,0.0,0.0,0,0.0,0.0,0.0,0,0.0,0.0,0.0,0,0.0,0.0,0.0,,,,6.0,15.6,10.9,5.3,1.7,20.0,0.0,73.68421052631578,,2,Mixed-Use Locality
Grid_309,G,19.14625,72.93,East Suburbs,0,0,0,0,0,0,0,0,0,0,0,0,0,0,0.0,0.0,0.0,0,0.0,0.0,0.0,0,0.0,0.0,0.0,0,0.0,0.0,0.0,0,0.0,0.0,0.0,0,0.0,0.0,0.0,0,0.0,0.0,0.0,0,0.0,0.0,0.0,0,0.0,0.0,0.0,0,0.0,0.0,0.0,,,,0.0,0.0,0.0,0.0,0.0,0.0,0.0,0.0,,0,Mixed-Use Locality
Grid_310,G,19.14625,72.95,East Suburbs,0,0,0,0,0,0,0,0,0,0,0,0,0,0,0.0,0.0,0.0,6,4.29,50.12,1.9,0,0.0,0.0,0.0,2,3.7,8.12,0.7,0,0.0,0.0,0.0,8,4.01,70.45,0.2,4,4.02,25.9,1.4,0,0.0,0.0,0.0,0,0.0,0.0,0.0,0,0.0,0.0,0.0,,,,0.0,0.0,0.0,0.0,0.0,0.0,0.0,0.0,,0,Mixed-Use Locality
Grid_311,G,19.14625,72.97,East Suburbs,0,0,0,0,0,0,0,0,0,4,0,0,0,0,0.0,0.0,0.0,0,0.0,0.0,0.0,0,0.0,0.0,0.0,0,0.0,0.0,0.0,0,0.0,0.0,0.0,0,0.0,0.0,0.0,0,0.0,0.0,0.0,0,0.0,0.0,0.0,0,0.0,0.0,0.0,0,0.0,0.0,0.0,,,,0.4,0.0,0.7,1.1,0.0,1.1,0.0,0.0,,0,Mixed-Use Locality
Grid_312,G,19.14625,72.99,East Suburbs,0,0,0,0,0,0,0,0,0,0,0,0,0,18,4.26,225.78,4.5,2,4.03,8.85,0.3,6,4.2,49.01,23.9,4,4.14,26.65,2.4,8,4.16,73.04,2.7,88,4.73,1870.26,5.5,10,4.32,103.58,5.7,2,4.09,8.98,1.1,6,4.3,50.15,11.5,0,0.0,0.0,0.0,,,,0.0,0.0,0.0,0.0,0.0,0.0,0.0,0.0,,0,Mixed-Use Locality
Grid_313,G,19.14625,73.01,East Suburbs,2,0,60,0,2,2,0,24,4,4,0,2,2,0,0.0,0.0,0.0,0,0.0,0.0,0.0,0,0.0,0.0,0.0,0,0.0,0.0,0.0,0,0.0,0.0,0.0,0,0.0,0.0,0.0,0,0.0,0.0,0.0,0,0.0,0.0,0.0,0,0.0,0.0,0.0,0,0.0,0.0,0.0,,,,1.6,3.4,1.5,1.7,5.7,1.1,2.5,0.0,,0,Mixed-Use Locality
Grid_314,G,19.14625,73.03,East Suburbs,0,0,12,0,4,0,0,0,0,0,0,6,0,6,3.87,45.15,0.9,0,0.0,0.0,0.0,0,0.0,0.0,0.0,0,0.0,0.0,0.0,0,0.0,0.0,0.0,2,3.87,8.5,0.0,4,4.1,26.42,1.5,0,0.0,0.0,0.0,0,0.0,0.0,0.0,0,0.0,0.0,0.0,,,,0.6,0.4,0.0,0.0,0.8,0.0,0.0,0.0,,0,Mixed-Use Locality
Grid_315,G,19.14625,73.05,East Suburbs,0,0,0,0,0,0,0,0,0,0,0,0,0,0,0.0,0.0,0.0,0,0.0,0.0,0.0,0,0.0,0.0,0.0,0,0.0,0.0,0.0,0,0.0,0.0,0.0,0,0.0,0.0,0.0,0,0.0,0.0,0.0,0,0.0,0.0,0.0,0,0.0,0.0,0.0,0,0.0,0.0,0.0,,,,0.0,0.0,0.0,0.0,0.0,0.0,0.0,0.0,,0,Mixed-Use Locality
Grid_316,G,19.14625,73.07,East Suburbs,2,0,16,0,2,0,0,2,26,2,0,2,2,2,3.94,8.65,0.2,0,0.0,0.0,0.0,2,4.03,8.85,4.3,0,0.0,0.0,0.0,0,0.0,0.0,0.0,2,4.06,8.93,0.0,2,3.61,7.94,0.4,0,0.0,0.0,0.0,0,0.0,0.0,0.0,0,0.0,0.0,0.0,,,,0.8,0.9,0.4,0.6,1.4,0.5,0.0,0.0,,0,Mixed-Use Locality
Grid_317,G,19.14625,73.09,East Suburbs,0,0,0,0,0,0,0,0,0,0,0,0,0,0,0.0,0.0,0.0,0,0.0,0.0,0.0,0,0.0,0.0,0.0,0,0.0,0.0,0.0,0,0.0,0.0,0.0,0,0.0,0.0,0.0,0,0.0,0.0,0.0,0,0.0,0.0,0.0,0,0.0,0.0,0.0,0,0.0,0.0,0.0,,,,0.0,0.0,0.0,0.0,0.0,0.0,0.0,0.0,,0,Mixed-Use Locality
Grid_318,G,19.14625,73.11,East Suburbs,0,0,0,0,0,0,0,0,0,0,0,0,0,0,0.0,0.0,0.0,0,0.0,0.0,0.0,0,0.0,0.0,0.0,0,0.0,0.0,0.0,0,0.0,0.0,0.0,0,0.0,0.0,0.0,0,0.0,0.0,0.0,0,0.0,0.0,0.0,0,0.0,0.0,0.0,0,0.0,0.0,0.0,,,,0.0,0.0,0.0,0.0,0.0,0.0,0.0,0.0,,0,Mixed-Use Locality
Grid_319,G,19.14625,73.13,East Suburbs,0,0,0,0,0,0,0,0,0,0,0,0,0,0,0.0,0.0,0.0,0,0.0,0.0,0.0,0,0.0,0.0,0.0,0,0.0,0.0,0.0,0,0.0,0.0,0.0,0,0.0,0.0,0.0,0,0.0,0.0,0.0,0,0.0,0.0,0.0,0,0.0,0.0,0.0,0,0.0,0.0,0.0,,,,0.0,0.0,0.0,0.0,0.0,0.0,0.0,0.0,,0,Mixed-Use Locality
Grid_320,G,19.14625,73.15,East Suburbs,0,0,0,0,0,0,0,0,0,0,0,0,0,0,0.0,0.0,0.0,0,0.0,0.0,0.0,0,0.0,0.0,0.0,0,0.0,0.0,0.0,0,0.0,0.0,0.0,0,0.0,0.0,0.0,0,0.0,0.0,0.0,0,0.0,0.0,0.0,0,0.0,0.0,0.0,0,0.0,0.0,0.0,,,,0.0,0.0,0.0,0.0,0.0,0.0,0.0,0.0,,0,Mixed-Use Locality
Grid_321,G,19.16333,72.77,North Suburbs,0,0,0,0,0,0,0,0,0,2,0,0,0,0,0.0,0.0,0.0,0,0.0,0.0,0.0,0,0.0,0.0,0.0,0,0.0,0.0,0.0,0,0.0,0.0,0.0,0,0.0,0.0,0.0,0,0.0,0.0,0.0,0,0.0,0.0,0.0,0,0.0,0.0,0.0,0,0.0,0.0,0.0,,,,0.2,0.0,0.4,0.5,0.0,0.5,0.0,0.0,,0,Mixed-Use Locality
Grid_322,G,19.16333,72.79,North Suburbs,0,0,0,0,0,0,0,0,0,0,0,0,0,0,0.0,0.0,0.0,0,0.0,0.0,0.0,0,0.0,0.0,0.0,0,0.0,0.0,0.0,0,0.0,0.0,0.0,0,0.0,0.0,0.0,0,0.0,0.0,0.0,0,0.0,0.0,0.0,0,0.0,0.0,0.0,0,0.0,0.0,0.0,,,,0.0,0.0,0.0,0.0,0.0,0.0,0.0,0.0,,0,Mixed-Use Locality
Grid_323,G,19.16333,72.81,North Suburbs,0,0,0,0,0,0,0,0,0,0,0,0,0,0,0.0,0.0,0.0,0,0.0,0.0,0.0,0,0.0,0.0,0.0,0,0.0,0.0,0.0,0,0.0,0.0,0.0,0,0.0,0.0,0.0,0,0.0,0.0,0.0,0,0.0,0.0,0.0,0,0.0,0.0,0.0,0,0.0,0.0,0.0,,,,0.0,0.0,0.0,0.0,0.0,0.0,0.0,0.0,,0,Mixed-Use Locality
Grid_324,G,19.16333,72.83,North Suburbs,0,0,0,0,0,0,0,0,0,0,0,0,0,0,0.0,0.0,0.0,0,0.0,0.0,0.0,0,0.0,0.0,0.0,0,0.0,0.0,0.0,0,0.0,0.0,0.0,0,0.0,0.0,0.0,0,0.0,0.0,0.0,0,0.0,0.0,0.0,0,0.0,0.0,0.0,0,0.0,0.0,0.0,,,,0.0,0.0,0.0,0.0,0.0,0.0,0.0,0.0,,0,Mixed-Use Locality
Grid_325,G,19.16333,72.85,North Suburbs,8,18,54,2,14,22,4,60,4,16,6,18,0,18,4.77,253.06,5.0,6,3.83,44.7,1.7,0,0.0,0.0,0.0,0,0.0,0.0,0.0,0,0.0,0.0,0.0,34,4.77,576.39,1.7,14,4.78,181.08,10.0,8,4.42,77.66,9.2,0,0.0,0.0,0.0,0,0.0,0.0,0.0,,,,18.0,18.2,19.6,19.1,21.8,15.3,27.500000000000004,5.263157894736842,,3,Mixed-Use Locality
Grid_326,G,19.16333,72.87,North Suburbs,2,16,24,4,12,6,2,40,0,10,8,8,2,0,0.0,0.0,0.0,0,0.0,0.0,0.0,0,0.0,0.0,0.0,0,0.0,0.0,0.0,0,0.0,0.0,0.0,0,0.0,0.0,0.0,0,0.0,0.0,0.0,0,0.0,0.0,0.0,0,0.0,0.0,0.0,0,0.0,0.0,0.0,,,,9.6,8.9,9.1,9.1,8.4,9.7,7.5,10.526315789473683,,3,Mixed-Use Locality
Grid_327,G,19.16333,72.89,North Suburbs,0,0,10,6,0,0,0,14,4,10,0,2,0,0,0.0,0.0,0.0,0,0.0,0.0,0.0,0,0.0,0.0,0.0,0,0.0,0.0,0.0,0,0.0,0.0,0.0,0,0.0,0.0,0.0,0,0.0,0.0,0.0,0,0.0,0.0,0.0,0,0.0,0.0,0.0,0,0.0,0.0,0.0,,,,1.8,3.5,3.3,2.6,0.7,5.8,0.0,15.789473684210526,,0,Mixed-Use Locality
Grid_328,G,19.16333,72.91,North Suburbs,0,0,0,0,0,0,0,0,0,0,0,0,0,0,0.0,0.0,0.0,0,0.0,0.0,0.0,0,0.0,0.0,0.0,0,0.0,0.0,0.0,0,0.0,0.0,0.0,0,0.0,0.0,0.0,0,0.0,0.0,0.0,0,0.0,0.0,0.0,0,0.0,0.0,0.0,0,0.0,0.0,0.0,,,,0.0,0.0,0.0,0.0,0.0,0.0,0.0,0.0,,0,Mixed-Use Locality
Grid_329,G,19.16333,72.93,North Suburbs,0,0,94,2,34,10,4,16,14,40,6,10,8,0,0.0,0.0,0.0,0,0.0,0.0,0.0,0,0.0,0.0,0.0,0,0.0,0.0,0.0,0,0.0,0.0,0.0,0,0.0,0.0,0.0,0,0.0,0.0,0.0,0,0.0,0.0,0.0,0,0.0,0.0,0.0,0,0.0,0.0,0.0,,,,15.1,9.3,19.3,21.0,12.7,21.6,12.5,5.263157894736842,,3,Mixed-Use Locality
Grid_330,G,19.16333,72.95,North Suburbs,0,0,0,0,0,0,0,0,0,0,0,0,0,74,4.71,1506.31,29.7,40,4.66,691.88,25.8,8,4.37,76.8,37.4,14,4.31,163.42,14.7,12,4.27,131.37,4.8,194,4.44,4541.32,13.4,42,4.26,673.47,37.3,0,0.0,0.0,0.0,10,4.14,99.22,22.8,0,0.0,0.0,0.0,,,,0.0,0.0,0.0,0.0,0.0,0.0,0.0,0.0,,0,Mixed-Use Locality
Grid_331,G,19.16333,72.97,North Suburbs,0,0,34,2,16,4,2,30,0,6,6,22,2,0,0.0,0.0,0.0,0,0.0,0.0,0.0,0,0.0,0.0,0.0,0,0.0,0.0,0.0,0,0.0,0.0,0.0,0,0.0,0.0,0.0,0,0.0,0.0,0.0,0,0.0,0.0,0.0,0,0.0,0.0,0.0,0,0.0,0.0,0.0,,,,6.0,4.2,7.1,6.6,4.8,7.6,5.0,5.263157894736842,,0,Mixed-Use Locality
Grid_332,G,19.16333,72.99,North Suburbs,0,0,0,0,0,0,0,0,0,0,0,0,0,18,4.72,250.32,4.9,6,3.98,46.42,1.7,2,4.09,8.99,4.4,0,0.0,0.0,0.0,0,0.0,0.0,0.0,26,4.33,370.71,1.1,8,4.41,77.49,4.3,2,3.75,8.24,1.0,2,3.97,8.73,2.0,0,0.0,0.0,0.0,,,,0.0,0.0,0.0,0.0,0.0,0.0,0.0,0.0,,0,Mixed-Use Locality
Grid_333,G,19.16333,73.01,North Suburbs,2,0,38,0,4,24,0,10,6,8,4,16,2,0,0.0,0.0,0.0,0,0.0,0.0,0.0,0,0.0,0.0,0.0,0,0.0,0.0,0.0,0,0.0,0.0,0.0,0,0.0,0.0,0.0,0,0.0,0.0,0.0,0,0.0,0.0,0.0,0,0.0,0.0,0.0,0,0.0,0.0,0.0,,,,9.1,13.6,10.4,8.2,18.0,2.1,30.0,0.0,,3,Mixed-Use Locality
Grid_334,G,19.16333,73.03,North Suburbs,0,0,0,0,0,0,0,0,0,0,0,0,0,0,0.0,0.0,0.0,0,0.0,0.0,0.0,0,0.0,0.0,0.0,0,0.0,0.0,0.0,0,0.0,0.0,0.0,0,0.0,0.0,0.0,0,0.0,0.0,0.0,0,0.0,0.0,0.0,0,0.0,0.0,0.0,0,0.0,0.0,0.0,,,,0.0,0.0,0.0,0.0,0.0,0.0,0.0,0.0,,0,Mixed-Use Locality
Grid_335,G,19.16333,73.05,North Suburbs,0,0,0,0,0,0,0,0,2,0,0,2,0,0,0.0,0.0,0.0,0,0.0,0.0,0.0,0,0.0,0.0,0.0,0,0.0,0.0,0.0,0,0.0,0.0,0.0,0,0.0,0.0,0.0,0,0.0,0.0,0.0,0,0.0,0.0,0.0,0,0.0,0.0,0.0,0,0.0,0.0,0.0,,,,0.0,0.0,0.0,0.0,0.0,0.0,0.0,0.0,,0,Mixed-Use Locality
Grid_336,G,19.16333,73.07,North Suburbs,0,0,0,0,0,0,0,0,0,0,0,0,0,2,4.19,9.2,0.2,0,0.0,0.0,0.0,0,0.0,0.0,0.0,0,0.0,0.0,0.0,0,0.0,0.0,0.0,4,4.14,26.65,0.1,2,3.67,8.06,0.4,0,0.0,0.0,0.0,0,0.0,0.0,0.0,0,0.0,0.0,0.0,,,,0.0,0.0,0.0,0.0,0.0,0.0,0.0,0.0,,0,Mixed-Use Locality
Grid_337,G,19.16333,73.09,North Suburbs,0,0,0,0,0,0,0,0,0,0,0,0,0,0,0.0,0.0,0.0,0,0.0,0.0,0.0,0,0.0,0.0,0.0,0,0.0,0.0,0.0,0,0.0,0.0,0.0,0,0.0,0.0,0.0,0,0.0,0.0,0.0,0,0.0,0.0,0.0,0,0.0,0.0,0.0,0,0.0,0.0,0.0,,,,0.0,0.0,0.0,0.0,0.0,0.0,0.0,0.0,,0,Mixed-Use Locality
Grid_338,G,19.16333,73.11,North Suburbs,0,0,0,0,0,0,0,0,0,0,0,0,0,6,4.19,48.96,1.0,0,0.0,0.0,0.0,0,0.0,0.0,0.0,0,0.0,0.0,0.0,0,0.0,0.0,0.0,8,4.39,77.2,0.2,2,4.06,8.91,0.5,0,0.0,0.0,0.0,0,0.0,0.0,0.0,0,0.0,0.0,0.0,,,,0.0,0.0,0.0,0.0,0.0,0.0,0.0,0.0,,0,Mixed-Use Locality
Grid_339,G,19.16333,73.13,North Suburbs,0,0,0,0,0,0,0,0,0,0,0,0,0,0,0.0,0.0,0.0,0,0.0,0.0,0.0,0,0.0,0.0,0.0,0,0.0,0.0,0.0,0,0.0,0.0,0.0,0,0.0,0.0,0.0,0,0.0,0.0,0.0,0,0.0,0.0,0.0,0,0.0,0.0,0.0,0,0.0,0.0,0.0,,,,0.0,0.0,0.0,0.0,0.0,0.0,0.0,0.0,,0,Mixed-Use Locality
Grid_340,G,19.16333,73.15,North Suburbs,0,0,0,0,0,0,0,0,0,0,0,0,0,0,0.0,0.0,0.0,0,0.0,0.0,0.0,0,0.0,0.0,0.0,0,0.0,0.0,0.0,0,0.0,0.0,0.0,0,0.0,0.0,0.0,0,0.0,0.0,0.0,0,0.0,0.0,0.0,0,0.0,0.0,0.0,0,0.0,0.0,0.0,,,,0.0,0.0,0.0,0.0,0.0,0.0,0.0,0.0,,0,Mixed-Use Locality
Grid_341,G,19.18042,72.77,North Suburbs,0,0,0,0,0,0,0,0,0,0,0,0,0,0,0.0,0.0,0.0,0,0.0,0.0,0.0,0,0.0,0.0,0.0,0,0.0,0.0,0.0,0,0.0,0.0,0.0,0,0.0,0.0,0.0,0,0.0,0.0,0.0,0,0.0,0.0,0.0,0,0.0,0.0,0.0,0,0.0,0.0,0.0,,,,0.0,0.0,0.0,0.0,0.0,0.0,0.0,0.0,,0,Mixed-Use Locality
Grid_342,G,19.18042,72.79,North Suburbs,0,0,0,0,0,0,0,0,0,0,0,0,0,0,0.0,0.0,0.0,0,0.0,0.0,0.0,0,0.0,0.0,0.0,0,0.0,0.0,0.0,0,0.0,0.0,0.0,0,0.0,0.0,0.0,0,0.0,0.0,0.0,4,3.8,24.45,2.9,0,0.0,0.0,0.0,0,0.0,0.0,0.0,,,,0.0,0.0,0.0,0.0,0.0,0.0,0.0,0.0,,0,Mixed-Use Locality
Grid_343,G,19.18042,72.81,North Suburbs,0,0,0,0,2,2,0,4,0,2,0,0,0,0,0.0,0.0,0.0,0,0.0,0.0,0.0,0,0.0,0.0,0.0,0,0.0,0.0,0.0,0,0.0,0.0,0.0,0,0.0,0.0,0.0,0,0.0,0.0,0.0,0,0.0,0.0,0.0,0,0.0,0.0,0.0,0,0.0,0.0,0.0,,,,1.1,1.0,1.1,1.0,1.2,0.5,2.5,0.0,,0,Mixed-Use Locality
Grid_344,G,19.18042,72.83,North Suburbs,0,0,0,0,0,0,0,0,0,0,0,0,0,8,4.34,76.35,1.5,6,4.12,48.16,1.8,2,3.61,7.94,3.9,0,0.0,0.0,0.0,0,0.0,0.0,0.0,20,4.75,289.19,0.9,10,4.14,99.35,5.5,2,4.16,9.14,1.1,0,0.0,0.0,0.0,0,0.0,0.0,0.0,,,,0.0,0.0,0.0,0.0,0.0,0.0,0.0,0.0,,0,Mixed-Use Locality
Grid_345,G,19.18042,72.85,North Suburbs,0,0,0,0,0,0,0,0,0,0,0,0,0,0,0.0,0.0,0.0,0,0.0,0.0,0.0,0,0.0,0.0,0.0,0,0.0,0.0,0.0,0,0.0,0.0,0.0,0,0.0,0.0,0.0,0,0.0,0.0,0.0,0,0.0,0.0,0.0,0,0.0,0.0,0.0,0,0.0,0.0,0.0,,,,0.0,0.0,0.0,0.0,0.0,0.0,0.0,0.0,,0,Mixed-Use Locality
Grid_346,G,19.18042,72.87,North Suburbs,4,10,20,0,14,8,4,68,0,6,8,6,6,6,4.36,50.88,1.0,8,4.25,74.74,2.8,6,3.98,46.47,22.7,0,0.0,0.0,0.0,0,0.0,0.0,0.0,14,4.54,172.26,0.5,14,4.64,175.93,9.7,4,3.81,24.51,2.9,0,0.0,0.0,0.0,0,0.0,0.0,0.0,,,,10.5,7.0,12.1,12.3,8.7,11.6,10.0,0.0,,3,Mixed-Use Locality
Grid_347,G,19.18042,72.89,North Suburbs,0,0,6,0,0,2,0,8,0,0,2,0,0,0,0.0,0.0,0.0,0,0.0,0.0,0.0,0,0.0,0.0,0.0,0,0.0,0.0,0.0,0,0.0,0.0,0.0,0,0.0,0.0,0.0,0,0.0,0.0,0.0,0,0.0,0.0,0.0,0,0.0,0.0,0.0,0,0.0,0.0,0.0,,,,0.6,1.2,0.8,0.5,1.7,0.0,2.5,0.0,,0,Mixed-Use Locality
Grid_348,G,19.18042,72.91,North Suburbs,0,0,0,0,0,0,0,0,0,0,0,0,0,0,0.0,0.0,0.0,0,0.0,0.0,0.0,0,0.0,0.0,0.0,0,0.0,0.0,0.0,0,0.0,0.0,0.0,0,0.0,0.0,0.0,0,0.0,0.0,0.0,0,0.0,0.0,0.0,0,0.0,0.0,0.0,0,0.0,0.0,0.0,,,,0.0,0.0,0.0,0.0,0.0,0.0,0.0,0.0,,0,Mixed-Use Locality
Grid_349,G,19.18042,72.93,North Suburbs,0,2,48,2,18,6,0,14,6,48,4,8,0,8,4.5,79.09,1.6,4,4.16,26.8,1.0,0,0.0,0.0,0.0,0,0.0,0.0,0.0,4,3.83,24.64,0.9,68,4.39,1264.44,3.7,18,4.49,237.94,13.2,0,0.0,0.0,0.0,0,0.0,0.0,0.0,0,0.0,0.0,0.0,,,,9.4,6.0,11.2,14.2,7.4,13.7,7.5,5.263157894736842,,3,Mixed-Use Locality
Grid_350,G,19.18042,72.95,North Suburbs,4,4,248,4,48,36,10,140,8,20,20,80,6,0,0.0,0.0,0.0,0,0.0,0.0,0.0,0,0.0,0.0,0.0,0,0.0,0.0,0.0,0,0.0,0.0,0.0,0,0.0,0.0,0.0,0,0.0,0.0,0.0,0,0.0,0.0,0.0,0,0.0,0.0,0.0,0,0.0,0.0,0.0,,,,29.7,30.0,38.1,34.7,40.9,32.4,45.0,10.526315789473683,,1,Corporate Hub
Grid_351,G,19.18042,72.97,North Suburbs,2,2,142,16,24,48,4,110,22,30,18,66,10,66,4.72,1309.21,25.8,18,4.56,241.43,9.0,10,4.06,97.34,47.5,2,3.74,8.22,0.7,6,3.97,46.3,1.7,102,4.33,2048.89,6.1,24,4.43,342.35,18.9,0,0.0,0.0,0.0,0,0.0,0.0,0.0,0,0.0,0.0,0.0,,,,27.4,38.0,35.5,28.1,40.5,26.3,60.0,42.10526315789473,,1,Corporate Hub
Grid_352,G,19.18042,72.99,North Suburbs,2,0,50,8,10,18,0,8,20,10,4,4,0,0,0.0,0.0,0.0,0,0.0,0.0,0.0,0,0.0,0.0,0.0,0,0.0,0.0,0.0,0,0.0,0.0,0.0,0,0.0,0.0,0.0,0,0.0,0.0,0.0,0,0.0,0.0,0.0,0,0.0,0.0,0.0,0,0.0,0.0,0.0,,,,9.6,15.3,10.6,7.2,15.0,6.8,22.5,21.052631578947366,,3,Mixed-Use Locality
Grid_353,G,19.18042,73.01,North Suburbs,0,0,30,0,2,14,0,4,0,6,0,2,0,2,3.98,8.75,0.2,0,0.0,0.0,0.0,0,0.0,0.0,0.0,0,0.0,0.0,0.0,0,0.0,0.0,0.0,8,4.17,73.3,0.2,2,4.05,8.9,0.5,0,0.0,0.0,0.0,0,0.0,0.0,0.0,0,0.0,0.0,0.0,,,,5.2,8.0,6.3,5.1,10.8,1.6,17.5,0.0,,3,Mixed-Use Locality
Grid_354,G,19.18042,73.03,North Suburbs,0,0,0,0,0,0,0,0,0,0,0,0,0,0,0.0,0.0,0.0,0,0.0,0.0,0.0,0,0.0,0.0,0.0,0,0.0,0.0,0.0,0,0.0,0.0,0.0,0,0.0,0.0,0.0,0,0.0,0.0,0.0,0,0.0,0.0,0.0,0,0.0,0.0,0.0,0,0.0,0.0,0.0,,,,0.0,0.0,0.0,0.0,0.0,0.0,0.0,0.0,,0,Mixed-Use Locality
Grid_355,G,19.18042,73.05,North Suburbs,4,0,14,0,0,0,0,0,0,0,0,0,0,0,0.0,0.0,0.0,0,0.0,0.0,0.0,0,0.0,0.0,0.0,0,0.0,0.0,0.0,0,0.0,0.0,0.0,0,0.0,0.0,0.0,0,0.0,0.0,0.0,0,0.0,0.0,0.0,0,0.0,0.0,0.0,0,0.0,0.0,0.0,,,,0.7,1.1,0.0,0.2,1.6,0.0,0.0,0.0,,0,Mixed-Use Locality
Grid_356,G,19.18042,73.07,North Suburbs,0,0,0,0,0,0,0,0,0,0,0,0,0,0,0.0,0.0,0.0,0,0.0,0.0,0.0,0,0.0,0.0,0.0,0,0.0,0.0,0.0,0,0.0,0.0,0.0,0,0.0,0.0,0.0,0,0.0,0.0,0.0,0,0.0,0.0,0.0,0,0.0,0.0,0.0,0,0.0,0.0,0.0,,,,0.0,0.0,0.0,0.0,0.0,0.0,0.0,0.0,,0,Mixed-Use Locality
Grid_357,G,19.18042,73.09,North Suburbs,0,0,0,0,0,0,0,0,0,0,0,0,0,0,0.0,0.0,0.0,0,0.0,0.0,0.0,0,0.0,0.0,0.0,0,0.0,0.0,0.0,0,0.0,0.0,0.0,0,0.0,0.0,0.0,0,0.0,0.0,0.0,0,0.0,0.0,0.0,0,0.0,0.0,0.0,0,0.0,0.0,0.0,,,,0.0,0.0,0.0,0.0,0.0,0.0,0.0,0.0,,0,Mixed-Use Locality
Grid_358,G,19.18042,73.11,North Suburbs,0,0,0,0,2,0,0,2,2,0,0,4,0,0,0.0,0.0,0.0,0,0.0,0.0,0.0,0,0.0,0.0,0.0,0,0.0,0.0,0.0,0,0.0,0.0,0.0,0,0.0,0.0,0.0,0,0.0,0.0,0.0,0,0.0,0.0,0.0,0,0.0,0.0,0.0,0,0.0,0.0,0.0,,,,0.3,0.0,0.0,0.0,0.0,0.0,0.0,0.0,,0,Mixed-Use Locality
Grid_359,G,19.18042,73.13,North Suburbs,0,0,0,0,0,0,0,0,0,0,0,0,0,0,0.0,0.0,0.0,0,0.0,0.0,0.0,0,0.0,0.0,0.0,0,0.0,0.0,0.0,0,0.0,0.0,0.0,0,0.0,0.0,0.0,0,0.0,0.0,0.0,0,0.0,0.0,0.0,0,0.0,0.0,0.0,0,0.0,0.0,0.0,,,,0.0,0.0,0.0,0.0,0.0,0.0,0.0,0.0,,0,Mixed-Use Locality
Grid_360,G,19.18042,73.15,North Suburbs,0,0,0,0,0,0,0,0,0,0,0,0,0,0,0.0,0.0,0.0,0,0.0,0.0,0.0,0,0.0,0.0,0.0,0,0.0,0.0,0.0,0,0.0,0.0,0.0,0,0.0,0.0,0.0,0,0.0,0.0,0.0,0,0.0,0.0,0.0,0,0.0,0.0,0.0,0,0.0,0.0,0.0,,,,0.0,0.0,0.0,0.0,0.0,0.0,0.0,0.0,,0,Mixed-Use Locality
Grid_361,G,19.1975,72.77,North Suburbs,0,0,0,0,0,0,0,0,0,0,0,0,0,0,0.0,0.0,0.0,0,0.0,0.0,0.0,0,0.0,0.0,0.0,0,0.0,0.0,0.0,0,0.0,0.0,0.0,0,0.0,0.0,0.0,0,0.0,0.0,0.0,0,0.0,0.0,0.0,0,0.0,0.0,0.0,0,0.0,0.0,0.0,,,,0.0,0.0,0.0,0.0,0.0,0.0,0.0,0.0,,0,Mixed-Use Locality
Grid_362,G,19.1975,72.79,North Suburbs,0,0,0,0,0,0,0,0,0,0,0,0,0,0,0.0,0.0,0.0,0,0.0,0.0,0.0,0,0.0,0.0,0.0,0,0.0,0.0,0.0,0,0.0,0.0,0.0,0,0.0,0.0,0.0,0,0.0,0.0,0.0,0,0.0,0.0,0.0,0,0.0,0.0,0.0,0,0.0,0.0,0.0,,,,0.0,0.0,0.0,0.0,0.0,0.0,0.0,0.0,,0,Mixed-Use Locality
Grid_363,G,19.1975,72.81,North Suburbs,0,0,0,0,0,0,0,0,0,0,0,0,0,0,0.0,0.0,0.0,0,0.0,0.0,0.0,0,0.0,0.0,0.0,0,0.0,0.0,0.0,0,0.0,0.0,0.0,0,0.0,0.0,0.0,0,0.0,0.0,0.0,0,0.0,0.0,0.0,0,0.0,0.0,0.0,0,0.0,0.0,0.0,,,,0.0,0.0,0.0,0.0,0.0,0.0,0.0,0.0,,0,Mixed-Use Locality
Grid_364,G,19.1975,72.83,North Suburbs,0,0,0,0,0,0,0,0,0,0,0,0,0,0,0.0,0.0,0.0,0,0.0,0.0,0.0,0,0.0,0.0,0.0,0,0.0,0.0,0.0,0,0.0,0.0,0.0,0,0.0,0.0,0.0,0,0.0,0.0,0.0,0,0.0,0.0,0.0,0,0.0,0.0,0.0,0,0.0,0.0,0.0,,,,0.0,0.0,0.0,0.0,0.0,0.0,0.0,0.0,,0,Mixed-Use Locality
Grid_365,G,19.1975,72.85,North Suburbs,8,8,26,8,38,12,8,156,0,4,16,28,2,28,4.25,401.14,7.9,16,4.21,190.98,7.1,2,3.77,8.28,4.0,6,3.86,45.08,4.1,2,3.84,8.43,0.3,22,4.56,314.42,0.9,38,4.47,622.82,34.5,4,3.87,24.91,2.9,2,4.12,9.04,2.1,0,0.0,0.0,0.0,,,,19.7,13.7,23.3,20.9,11.9,25.3,15.0,21.052631578947366,,3,Mixed-Use Locality
Grid_366,G,19.1975,72.87,North Suburbs,0,0,0,0,0,0,0,0,0,0,0,0,0,0,0.0,0.0,0.0,0,0.0,0.0,0.0,0,0.0,0.0,0.0,0,0.0,0.0,0.0,0,0.0,0.0,0.0,0,0.0,0.0,0.0,0,0.0,0.0,0.0,0,0.0,0.0,0.0,0,0.0,0.0,0.0,0,0.0,0.0,0.0,,,,0.0,0.0,0.0,0.0,0.0,0.0,0.0,0.0,,0,Mixed-Use Locality
Grid_367,G,19.1975,72.89,North Suburbs,0,0,0,0,0,0,0,0,0,0,0,0,0,0,0.0,0.0,0.0,0,0.0,0.0,0.0,0,0.0,0.0,0.0,0,0.0,0.0,0.0,0,0.0,0.0,0.0,0,0.0,0.0,0.0,0,0.0,0.0,0.0,0,0.0,0.0,0.0,0,0.0,0.0,0.0,0,0.0,0.0,0.0,,,,0.0,0.0,0.0,0.0,0.0,0.0,0.0,0.0,,0,Mixed-Use Locality
Grid_368,G,19.1975,72.91,North Suburbs,0,0,0,0,0,0,0,0,0,8,2,0,0,0,0.0,0.0,0.0,2,3.95,8.68,0.3,0,0.0,0.0,0.0,0,0.0,0.0,0.0,0,0.0,0.0,0.0,0,0.0,0.0,0.0,0,0.0,0.0,0.0,0,0.0,0.0,0.0,0,0.0,0.0,0.0,0,0.0,0.0,0.0,,,,0.7,0.0,1.4,2.1,0.0,2.1,0.0,0.0,,0,Mixed-Use Locality
Grid_369,G,19.1975,72.93,North Suburbs,0,0,4,0,0,0,0,0,0,2,0,0,0,0,0.0,0.0,0.0,0,0.0,0.0,0.0,0,0.0,0.0,0.0,0,0.0,0.0,0.0,0,0.0,0.0,0.0,0,0.0,0.0,0.0,0,0.0,0.0,0.0,0,0.0,0.0,0.0,0,0.0,0.0,0.0,0,0.0,0.0,0.0,,,,0.2,0.1,0.4,0.5,0.3,0.5,0.0,0.0,,0,Mixed-Use Locality
Grid_370,G,19.1975,72.95,North Suburbs,0,0,0,0,0,0,0,0,0,0,0,0,0,18,4.49,238.07,4.7,0,0.0,0.0,0.0,2,4.16,9.14,4.5,2,4.06,8.93,0.8,0,0.0,0.0,0.0,32,4.45,497.7,1.5,10,4.19,100.56,5.6,4,4.29,27.65,3.3,0,0.0,0.0,0.0,0,0.0,0.0,0.0,,,,0.0,0.0,0.0,0.0,0.0,0.0,0.0,0.0,,0,Mixed-Use Locality
Grid_371,G,19.1975,72.97,North Suburbs,2,2,290,6,20,54,20,194,16,52,10,58,6,0,0.0,0.0,0.0,0,0.0,0.0,0.0,0,0.0,0.0,0.0,0,0.0,0.0,0.0,0,0.0,0.0,0.0,0,0.0,0.0,0.0,0,0.0,0.0,0.0,0,0.0,0.0,0.0,0,0.0,0.0,0.0,0,0.0,0.0,0.0,,,,41.0,40.8,71.0,67.4,54.4,66.8,67.5,15.789473684210526,,4,Corporate Hub
Grid_372,G,19.1975,72.99,North Suburbs,0,0,0,0,0,0,0,0,0,0,0,0,0,8,4.07,71.49,1.4,2,3.78,8.3,0.3,2,4.18,9.19,4.5,4,3.75,24.12,2.2,0,0.0,0.0,0.0,16,4.39,199.17,0.6,24,4.66,359.94,19.9,2,3.65,8.03,0.9,2,3.79,8.33,1.9,0,0.0,0.0,0.0,,,,0.0,0.0,0.0,0.0,0.0,0.0,0.0,0.0,,0,Mixed-Use Locality
Grid_373,G,19.1975,73.01,North Suburbs,2,0,80,0,8,0,0,6,0,0,4,4,2,0,0.0,0.0,0.0,0,0.0,0.0,0.0,0,0.0,0.0,0.0,0,0.0,0.0,0.0,0,0.0,0.0,0.0,0,0.0,0.0,0.0,0,0.0,0.0,0.0,0,0.0,0.0,0.0,0,0.0,0.0,0.0,0,0.0,0.0,0.0,,,,1.5,3.1,0.0,0.1,5.8,0.0,0.0,0.0,,0,Mixed-Use Locality
Grid_374,G,19.1975,73.03,North Suburbs,0,0,0,0,0,0,0,0,0,0,0,0,0,0,0.0,0.0,0.0,0,0.0,0.0,0.0,0,0.0,0.0,0.0,0,0.0,0.0,0.0,0,0.0,0.0,0.0,0,0.0,0.0,0.0,0,0.0,0.0,0.0,0,0.0,0.0,0.0,0,0.0,0.0,0.0,0,0.0,0.0,0.0,,,,0.0,0.0,0.0,0.0,0.0,0.0,0.0,0.0,,0,Mixed-Use Locality
Grid_375,G,19.1975,73.05,North Suburbs,2,0,14,0,0,0,0,0,0,0,0,0,0,0,0.0,0.0,0.0,0,0.0,0.0,0.0,0,0.0,0.0,0.0,0,0.0,0.0,0.0,0,0.0,0.0,0.0,0,0.0,0.0,0.0,0,0.0,0.0,0.0,0,0.0,0.0,0.0,0,0.0,0.0,0.0,0,0.0,0.0,0.0,,,,0.3,0.8,0.0,0.1,1.3,0.0,0.0,0.0,,0,Mixed-Use Locality
Grid_376,G,19.1975,73.07,North Suburbs,0,0,0,0,0,0,0,0,0,0,0,0,0,0,0.0,0.0,0.0,0,0.0,0.0,0.0,0,0.0,0.0,0.0,0,0.0,0.0,0.0,0,0.0,0.0,0.0,0,0.0,0.0,0.0,0,0.0,0.0,0.0,0,0.0,0.0,0.0,0,0.0,0.0,0.0,0,0.0,0.0,0.0,,,,0.0,0.0,0.0,0.0,0.0,0.0,0.0,0.0,,0,Mixed-Use Locality
Grid_377,G,19.1975,73.09,North Suburbs,0,0,2,0,6,0,2,28,0,4,0,0,2,0,0.0,0.0,0.0,0,0.0,0.0,0.0,2,3.68,8.09,3.9,2,4.03,8.86,0.8,0,0.0,0.0,0.0,4,4.28,27.56,0.1,6,4.31,50.27,2.8,0,0.0,0.0,0.0,0,0.0,0.0,0.0,0,0.0,0.0,0.0,,,,2.8,0.1,4.7,5.1,0.1,6.1,0.0,0.0,,0,Mixed-Use Locality
Grid_378,G,19.1975,73.11,North Suburbs,0,0,0,0,8,0,0,10,0,0,2,0,0,0,0.0,0.0,0.0,0,0.0,0.0,0.0,0,0.0,0.0,0.0,0,0.0,0.0,0.0,0,0.0,0.0,0.0,0,0.0,0.0,0.0,0,0.0,0.0,0.0,0,0.0,0.0,0.0,0,0.0,0.0,0.0,0,0.0,0.0,0.0,,,,1.2,0.0,0.0,0.0,0.0,0.0,0.0,0.0,,0,Mixed-Use Locality
Grid_379,G,19.1975,73.13,North Suburbs,0,0,0,0,0,2,0,0,0,0,0,0,0,0,0.0,0.0,0.0,0,0.0,0.0,0.0,0,0.0,0.0,0.0,0,0.0,0.0,0.0,0,0.0,0.0,0.0,0,0.0,0.0,0.0,0,0.0,0.0,0.0,0,0.0,0.0,0.0,0,0.0,0.0,0.0,0,0.0,0.0,0.0,,,,0.6,1.0,0.8,0.5,1.2,0.0,2.5,0.0,,0,Mixed-Use Locality
Grid_380,G,19.1975,73.15,North Suburbs,0,0,0,0,0,0,0,0,0,0,0,0,0,0,0.0,0.0,0.0,0,0.0,0.0,0.0,0,0.0,0.0,0.0,0,0.0,0.0,0.0,0,0.0,0.0,0.0,0,0.0,0.0,0.0,0,0.0,0.0,0.0,0,0.0,0.0,0.0,0,0.0,0.0,0.0,0,0.0,0.0,0.0,,,,0.0,0.0,0.0,0.0,0.0,0.0,0.0,0.0,,0,Mixed-Use Locality
Grid_381,G,19.21458,72.77,North Suburbs,0,0,0,0,0,0,0,0,0,0,0,0,0,0,0.0,0.0,0.0,0,0.0,0.0,0.0,0,0.0,0.0,0.0,0,0.0,0.0,0.0,0,0.0,0.0,0.0,0,0.0,0.0,0.0,0,0.0,0.0,0.0,0,0.0,0.0,0.0,0,0.0,0.0,0.0,0,0.0,0.0,0.0,,,,0.0,0.0,0.0,0.0,0.0,0.0,0.0,0.0,,0,Mixed-Use Locality
Grid_382,G,19.21458,72.79,North Suburbs,0,0,0,0,0,0,0,0,0,0,0,0,0,0,0.0,0.0,0.0,0,0.0,0.0,0.0,0,0.0,0.0,0.0,0,0.0,0.0,0.0,0,0.0,0.0,0.0,0,0.0,0.0,0.0,0,0.0,0.0,0.0,0,0.0,0.0,0.0,0,0.0,0.0,0.0,0,0.0,0.0,0.0,,,,0.0,0.0,0.0,0.0,0.0,0.0,0.0,0.0,,0,Mixed-Use Locality
Grid_383,G,19.21458,72.81,North Suburbs,0,0,4,0,6,0,0,10,0,2,2,0,0,0,0.0,0.0,0.0,0,0.0,0.0,0.0,0,0.0,0.0,0.0,0,0.0,0.0,0.0,0,0.0,0.0,0.0,0,0.0,0.0,0.0,0,0.0,0.0,0.0,0,0.0,0.0,0.0,0,0.0,0.0,0.0,0,0.0,0.0,0.0,,,,1.1,0.1,0.4,0.5,0.3,0.5,0.0,0.0,,0,Mixed-Use Locality
Grid_384,G,19.21458,72.83,North Suburbs,6,22,30,0,18,6,2,56,4,0,6,22,6,0,0.0,0.0,0.0,0,0.0,0.0,0.0,0,0.0,0.0,0.0,0,0.0,0.0,0.0,0,0.0,0.0,0.0,0,0.0,0.0,0.0,0,0.0,0.0,0.0,0,0.0,0.0,0.0,0,0.0,0.0,0.0,0,0.0,0.0,0.0,,,,10.7,8.6,6.2,7.0,10.4,5.0,7.5,0.0,,3,Mixed-Use Locality
Grid_385,G,19.21458,72.85,North Suburbs,0,0,0,0,0,0,0,0,0,0,0,0,0,0,0.0,0.0,0.0,0,0.0,0.0,0.0,0,0.0,0.0,0.0,0,0.0,0.0,0.0,0,0.0,0.0,0.0,0,0.0,0.0,0.0,0,0.0,0.0,0.0,0,0.0,0.0,0.0,0,0.0,0.0,0.0,0,0.0,0.0,0.0,,,,0.0,0.0,0.0,0.0,0.0,0.0,0.0,0.0,,0,Mixed-Use Locality
Grid_386,G,19.21458,72.87,North Suburbs,6,10,14,0,10,4,6,44,0,6,10,14,6,14,4.51,170.86,3.4,10,4.15,99.55,3.7,6,4.35,50.82,24.8,2,4.09,8.98,0.8,0,0.0,0.0,0.0,38,4.45,619.26,1.8,10,4.12,98.9,5.5,0,0.0,0.0,0.0,0,0.0,0.0,0.0,0,0.0,0.0,0.0,,,,10.4,5.1,14.6,15.5,6.1,16.6,5.0,0.0,,3,Mixed-Use Locality
Grid_387,G,19.21458,72.89,North Suburbs,0,0,0,0,0,0,0,0,0,0,0,0,0,0,0.0,0.0,0.0,0,0.0,0.0,0.0,0,0.0,0.0,0.0,0,0.0,0.0,0.0,0,0.0,0.0,0.0,0,0.0,0.0,0.0,0,0.0,0.0,0.0,0,0.0,0.0,0.0,0,0.0,0.0,0.0,0,0.0,0.0,0.0,,,,0.0,0.0,0.0,0.0,0.0,0.0,0.0,0.0,,0,Mixed-Use Locality
Grid_388,G,19.21458,72.91,North Suburbs,0,0,0,0,0,0,0,0,0,0,0,0,0,0,0.0,0.0,0.0,0,0.0,0.0,0.0,0,0.0,0.0,0.0,0,0.0,0.0,0.0,0,0.0,0.0,0.0,0,0.0,0.0,0.0,0,0.0,0.0,0.0,0,0.0,0.0,0.0,0,0.0,0.0,0.0,0,0.0,0.0,0.0,,,,0.0,0.0,0.0,0.0,0.0,0.0,0.0,0.0,,0,Mixed-Use Locality
Grid_389,G,19.21458,72.93,North Suburbs,0,0,0,0,0,0,0,0,0,0,0,0,0,0,0.0,0.0,0.0,0,0.0,0.0,0.0,0,0.0,0.0,0.0,0,0.0,0.0,0.0,0,0.0,0.0,0.0,0,0.0,0.0,0.0,0,0.0,0.0,0.0,0,0.0,0.0,0.0,0,0.0,0.0,0.0,0,0.0,0.0,0.0,,,,0.0,0.0,0.0,0.0,0.0,0.0,0.0,0.0,,0,Mixed-Use Locality
Grid_390,G,19.21458,72.95,North Suburbs,0,0,0,0,0,0,0,0,0,0,0,0,0,0,0.0,0.0,0.0,0,0.0,0.0,0.0,0,0.0,0.0,0.0,0,0.0,0.0,0.0,0,0.0,0.0,0.0,0,0.0,0.0,0.0,0,0.0,0.0,0.0,0,0.0,0.0,0.0,0,0.0,0.0,0.0,0,0.0,0.0,0.0,,,,0.0,0.0,0.0,0.0,0.0,0.0,0.0,0.0,,0,Mixed-Use Locality
Grid_391,G,19.21458,72.97,North Suburbs,0,0,0,0,0,0,0,0,0,0,0,0,0,0,0.0,0.0,0.0,0,0.0,0.0,0.0,0,0.0,0.0,0.0,0,0.0,0.0,0.0,0,0.0,0.0,0.0,0,0.0,0.0,0.0,0,0.0,0.0,0.0,0,0.0,0.0,0.0,0,0.0,0.0,0.0,0,0.0,0.0,0.0,,,,0.0,0.0,0.0,0.0,0.0,0.0,0.0,0.0,,0,Mixed-Use Locality
Grid_392,G,19.21458,72.99,North Suburbs,2,2,136,2,18,10,8,28,12,2,0,2,0,0,0.0,0.0,0.0,0,0.0,0.0,0.0,0,0.0,0.0,0.0,0,0.0,0.0,0.0,0,0.0,0.0,0.0,0,0.0,0.0,0.0,0,0.0,0.0,0.0,0,0.0,0.0,0.0,0,0.0,0.0,0.0,0,0.0,0.0,0.0,,,,13.0,11.4,20.6,19.2,16.3,21.6,12.5,5.263157894736842,,3,Mixed-Use Locality
Grid_393,G,19.21458,73.01,North Suburbs,0,0,58,0,0,0,0,4,2,0,4,6,0,6,4.32,50.41,1.0,4,3.77,24.29,0.9,0,0.0,0.0,0.0,0,0.0,0.0,0.0,0,0.0,0.0,0.0,4,4.05,26.09,0.1,0,0.0,0.0,0.0,0,0.0,0.0,0.0,0,0.0,0.0,0.0,0,0.0,0.0,0.0,,,,0.0,2.0,0.0,0.0,4.0,0.0,0.0,0.0,,0,Mixed-Use Locality
Grid_394,G,19.21458,73.03,North Suburbs,0,0,10,0,0,0,0,0,0,0,0,0,0,0,0.0,0.0,0.0,0,0.0,0.0,0.0,0,0.0,0.0,0.0,0,0.0,0.0,0.0,0,0.0,0.0,0.0,0,0.0,0.0,0.0,0,0.0,0.0,0.0,0,0.0,0.0,0.0,0,0.0,0.0,0.0,0,0.0,0.0,0.0,,,,0.0,0.3,0.0,0.0,0.7,0.0,0.0,0.0,,0,Mixed-Use Locality
Grid_395,G,19.21458,73.05,North Suburbs,0,0,0,0,0,0,0,0,0,0,0,0,0,0,0.0,0.0,0.0,0,0.0,0.0,0.0,0,0.0,0.0,0.0,0,0.0,0.0,0.0,0,0.0,0.0,0.0,0,0.0,0.0,0.0,0,0.0,0.0,0.0,0,0.0,0.0,0.0,0,0.0,0.0,0.0,0,0.0,0.0,0.0,,,,0.0,0.0,0.0,0.0,0.0,0.0,0.0,0.0,,0,Mixed-Use Locality
Grid_396,G,19.21458,73.07,North Suburbs,2,0,8,0,0,2,0,10,4,4,2,0,0,0,0.0,0.0,0.0,2,4.12,9.05,0.3,0,0.0,0.0,0.0,0,0.0,0.0,0.0,0,0.0,0.0,0.0,6,4.0,46.68,0.1,0,0.0,0.0,0.0,2,3.6,7.91,0.9,0,0.0,0.0,0.0,0,0.0,0.0,0.0,,,,1.3,1.6,1.5,1.7,2.1,1.1,2.5,0.0,,0,Mixed-Use Locality
Grid_397,G,19.21458,73.09,North Suburbs,0,0,0,0,0,0,0,0,0,0,0,0,0,18,4.58,242.98,4.8,8,4.28,75.31,2.8,4,4.17,26.85,13.1,2,3.68,8.08,0.7,0,0.0,0.0,0.0,22,4.35,300.31,0.9,20,4.35,265.07,14.7,2,3.6,7.91,0.9,2,3.73,8.19,1.9,0,0.0,0.0,0.0,,,,0.0,0.0,0.0,0.0,0.0,0.0,0.0,0.0,,0,Mixed-Use Locality
Grid_398,G,19.21458,73.11,North Suburbs,0,0,0,0,18,0,0,14,0,2,6,0,2,0,0.0,0.0,0.0,0,0.0,0.0,0.0,0,0.0,0.0,0.0,0,0.0,0.0,0.0,0,0.0,0.0,0.0,0,0.0,0.0,0.0,0,0.0,0.0,0.0,0,0.0,0.0,0.0,0,0.0,0.0,0.0,0,0.0,0.0,0.0,,,,2.9,0.0,0.4,0.5,0.0,0.5,0.0,0.0,,0,Mixed-Use Locality
Grid_399,G,19.21458,73.13,North Suburbs,0,0,0,0,0,0,0,0,0,0,0,0,0,0,0.0,0.0,0.0,0,0.0,0.0,0.0,0,0.0,0.0,0.0,0,0.0,0.0,0.0,0,0.0,0.0,0.0,0,0.0,0.0,0.0,0,0.0,0.0,0.0,0,0.0,0.0,0.0,0,0.0,0.0,0.0,0,0.0,0.0,0.0,,,,0.0,0.0,0.0,0.0,0.0,0.0,0.0,0.0,,0,Mixed-Use Locality
Grid_400,G,19.21458,73.15,North Suburbs,0,0,0,0,0,0,0,0,0,0,0,0,0,0,0.0,0.0,0.0,0,0.0,0.0,0.0,0,0.0,0.0,0.0,0,0.0,0.0,0.0,0,0.0,0.0,0.0,0,0.0,0.0,0.0,0,0.0,0.0,0.0,0,0.0,0.0,0.0,0,0.0,0.0,0.0,0,0.0,0.0,0.0,,,,0.0,0.0,0.0,0.0,0.0,0.0,0.0,0.0,,0,Mixed-Use Locality
Grid_401,G,19.23167,72.77,North Suburbs,0,0,0,0,0,0,0,0,0,0,0,0,0,0,0.0,0.0,0.0,0,0.0,0.0,0.0,0,0.0,0.0,0.0,0,0.0,0.0,0.0,0,0.0,0.0,0.0,0,0.0,0.0,0.0,0,0.0,0.0,0.0,0,0.0,0.0,0.0,0,0.0,0.0,0.0,0,0.0,0.0,0.0,,,,0.0,0.0,0.0,0.0,0.0,0.0,0.0,0.0,,0,Mixed-Use Locality
Grid_402,G,19.23167,72.79,North Suburbs,0,0,0,0,0,0,0,0,2,2,0,0,0,0,0.0,0.0,0.0,0,0.0,0.0,0.0,0,0.0,0.0,0.0,0,0.0,0.0,0.0,0,0.0,0.0,0.0,0,0.0,0.0,0.0,0,0.0,0.0,0.0,0,0.0,0.0,0.0,0,0.0,0.0,0.0,0,0.0,0.0,0.0,,,,0.2,0.0,0.4,0.5,0.0,0.5,0.0,0.0,,0,Mixed-Use Locality
Grid_403,G,19.23167,72.81,North Suburbs,0,0,0,0,0,0,0,0,0,0,0,0,0,4,3.77,24.25,0.5,2,3.82,8.38,0.3,0,0.0,0.0,0.0,0,0.0,0.0,0.0,0,0.0,0.0,0.0,2,3.93,8.63,0.0,0,0.0,0.0,0.0,0,0.0,0.0,0.0,0,0.0,0.0,0.0,0,0.0,0.0,0.0,,,,0.0,0.0,0.0,0.0,0.0,0.0,0.0,0.0,,0,Mixed-Use Locality
Grid_404,G,19.23167,72.83,North Suburbs,0,0,0,0,0,0,0,0,0,0,0,0,0,0,0.0,0.0,0.0,0,0.0,0.0,0.0,0,0.0,0.0,0.0,0,0.0,0.0,0.0,0,0.0,0.0,0.0,0,0.0,0.0,0.0,0,0.0,0.0,0.0,0,0.0,0.0,0.0,0,0.0,0.0,0.0,0,0.0,0.0,0.0,,,,0.0,0.0,0.0,0.0,0.0,0.0,0.0,0.0,,0,Mixed-Use Locality
Grid_405,G,19.23167,72.85,North Suburbs,12,20,76,2,24,22,10,158,4,26,12,28,8,28,4.28,403.62,8.0,12,4.46,137.33,5.1,8,4.19,73.63,35.9,6,4.32,50.38,4.5,4,4.14,26.67,1.0,82,4.4,1593.1,4.7,24,4.57,353.28,19.5,4,3.86,24.83,2.9,2,3.97,8.71,2.0,0,0.0,0.0,0.0,,,,25.9,19.9,33.3,34.1,24.3,32.9,27.500000000000004,5.263157894736842,,1,Corporate Hub
Grid_406,G,19.23167,72.87,North Suburbs,0,0,0,0,0,0,0,0,0,0,0,0,0,2,3.67,8.05,0.2,2,3.63,7.98,0.3,6,4.32,50.49,24.6,0,0.0,0.0,0.0,0,0.0,0.0,0.0,28,4.29,404.38,1.2,4,3.97,25.53,1.4,2,4.12,9.04,1.1,0,0.0,0.0,0.0,0,0.0,0.0,0.0,,,,0.0,0.0,0.0,0.0,0.0,0.0,0.0,0.0,,0,Mixed-Use Locality
Grid_407,G,19.23167,72.89,North Suburbs,0,0,0,0,0,0,0,0,0,2,0,0,0,0,0.0,0.0,0.0,0,0.0,0.0,0.0,0,0.0,0.0,0.0,0,0.0,0.0,0.0,0,0.0,0.0,0.0,0,0.0,0.0,0.0,0,0.0,0.0,0.0,0,0.0,0.0,0.0,0,0.0,0.0,0.0,0,0.0,0.0,0.0,,,,0.2,0.0,0.4,0.5,0.0,0.5,0.0,0.0,,0,Mixed-Use Locality
Grid_408,G,19.23167,72.91,North Suburbs,0,0,0,0,0,0,0,0,0,0,0,0,0,0,0.0,0.0,0.0,0,0.0,0.0,0.0,0,0.0,0.0,0.0,0,0.0,0.0,0.0,0,0.0,0.0,0.0,0,0.0,0.0,0.0,0,0.0,0.0,0.0,0,0.0,0.0,0.0,0,0.0,0.0,0.0,0,0.0,0.0,0.0,,,,0.0,0.0,0.0,0.0,0.0,0.0,0.0,0.0,,0,Mixed-Use Locality
Grid_409,G,19.23167,72.93,North Suburbs,0,0,0,0,0,0,0,0,0,0,0,0,0,0,0.0,0.0,0.0,0,0.0,0.0,0.0,0,0.0,0.0,0.0,0,0.0,0.0,0.0,0,0.0,0.0,0.0,0,0.0,0.0,0.0,0,0.0,0.0,0.0,0,0.0,0.0,0.0,0,0.0,0.0,0.0,0,0.0,0.0,0.0,,,,0.0,0.0,0.0,0.0,0.0,0.0,0.0,0.0,,0,Mixed-Use Locality
Grid_410,G,19.23167,72.95,North Suburbs,0,0,32,0,2,0,0,0,0,4,2,0,0,0,0.0,0.0,0.0,0,0.0,0.0,0.0,0,0.0,0.0,0.0,0,0.0,0.0,0.0,0,0.0,0.0,0.0,0,0.0,0.0,0.0,0,0.0,0.0,0.0,0,0.0,0.0,0.0,0,0.0,0.0,0.0,0,0.0,0.0,0.0,,,,0.7,1.1,0.7,1.1,2.2,1.1,0.0,0.0,,0,Mixed-Use Locality
Grid_411,G,19.23167,72.97,North Suburbs,0,0,0,0,0,0,0,0,0,0,0,0,0,48,4.39,820.86,16.2,16,4.37,198.2,7.4,12,4.5,138.51,67.5,8,4.04,70.94,6.4,46,4.79,849.13,30.9,358,4.45,9369.51,27.7,26,4.73,405.38,22.4,8,4.33,76.13,9.0,12,4.43,136.32,31.3,0,0.0,0.0,0.0,,,,0.0,0.0,0.0,0.0,0.0,0.0,0.0,0.0,,0,Mixed-Use Locality
Grid_412,G,19.23167,72.99,North Suburbs,6,6,104,2,8,8,2,10,8,8,2,6,0,0,0.0,0.0,0.0,0,0.0,0.0,0.0,0,0.0,0.0,0.0,0,0.0,0.0,0.0,0,0.0,0.0,0.0,0,0.0,0.0,0.0,0,0.0,0.0,0.0,0,0.0,0.0,0.0,0,0.0,0.0,0.0,0,0.0,0.0,0.0,,,,8.2,10.6,8.9,8.8,14.2,8.2,10.0,5.263157894736842,,3,Mixed-Use Locality
Grid_413,G,19.23167,73.01,North Suburbs,0,0,0,0,0,0,0,0,0,0,0,0,0,0,0.0,0.0,0.0,0,0.0,0.0,0.0,0,0.0,0.0,0.0,0,0.0,0.0,0.0,0,0.0,0.0,0.0,0,0.0,0.0,0.0,0,0.0,0.0,0.0,0,0.0,0.0,0.0,0,0.0,0.0,0.0,0,0.0,0.0,0.0,,,,0.0,0.0,0.0,0.0,0.0,0.0,0.0,0.0,,0,Mixed-Use Locality
Grid_414,G,19.23167,73.03,North Suburbs,0,0,12,0,0,0,0,0,2,0,0,0,0,0,0.0,0.0,0.0,0,0.0,0.0,0.0,0,0.0,0.0,0.0,0,0.0,0.0,0.0,0,0.0,0.0,0.0,0,0.0,0.0,0.0,0,0.0,0.0,0.0,0,0.0,0.0,0.0,0,0.0,0.0,0.0,0,0.0,0.0,0.0,,,,0.0,0.4,0.0,0.0,0.8,0.0,0.0,0.0,,0,Mixed-Use Locality
Grid_415,G,19.23167,73.05,North Suburbs,0,0,0,0,0,0,0,0,0,0,0,0,0,0,0.0,0.0,0.0,0,0.0,0.0,0.0,0,0.0,0.0,0.0,0,0.0,0.0,0.0,0,0.0,0.0,0.0,0,0.0,0.0,0.0,0,0.0,0.0,0.0,0,0.0,0.0,0.0,0,0.0,0.0,0.0,0,0.0,0.0,0.0,,,,0.0,0.0,0.0,0.0,0.0,0.0,0.0,0.0,,0,Mixed-Use Locality
Grid_416,G,19.23167,73.07,North Suburbs,0,0,0,0,0,2,0,4,0,4,0,0,0,0,0.0,0.0,0.0,0,0.0,0.0,0.0,0,0.0,0.0,0.0,0,0.0,0.0,0.0,0,0.0,0.0,0.0,8,4.16,73.21,0.2,0,0.0,0.0,0.0,4,4.13,26.57,3.1,0,0.0,0.0,0.0,0,0.0,0.0,0.0,,,,1.0,1.0,1.5,1.6,1.2,1.1,2.5,0.0,,0,Mixed-Use Locality
Grid_417,G,19.23167,73.09,North Suburbs,2,0,12,0,6,4,0,34,0,6,0,14,0,0,0.0,0.0,0.0,0,0.0,0.0,0.0,0,0.0,0.0,0.0,0,0.0,0.0,0.0,0,0.0,0.0,0.0,0,0.0,0.0,0.0,0,0.0,0.0,0.0,0,0.0,0.0,0.0,0,0.0,0.0,0.0,0,0.0,0.0,0.0,,,,3.0,2.7,2.6,2.7,3.7,1.6,5.0,0.0,,0,Mixed-Use Locality
Grid_418,G,19.23167,73.11,North Suburbs,0,0,0,0,0,0,0,0,0,0,0,0,0,0,0.0,0.0,0.0,0,0.0,0.0,0.0,2,3.69,8.11,4.0,0,0.0,0.0,0.0,0,0.0,0.0,0.0,4,4.21,27.1,0.1,0,0.0,0.0,0.0,0,0.0,0.0,0.0,0,0.0,0.0,0.0,0,0.0,0.0,0.0,,,,0.0,0.0,0.0,0.0,0.0,0.0,0.0,0.0,,0,Mixed-Use Locality
Grid_419,G,19.23167,73.13,North Suburbs,0,0,0,0,0,0,0,0,0,0,0,0,0,0,0.0,0.0,0.0,0,0.0,0.0,0.0,0,0.0,0.0,0.0,0,0.0,0.0,0.0,0,0.0,0.0,0.0,0,0.0,0.0,0.0,0,0.0,0.0,0.0,0,0.0,0.0,0.0,0,0.0,0.0,0.0,0,0.0,0.0,0.0,,,,0.0,0.0,0.0,0.0,0.0,0.0,0.0,0.0,,0,Mixed-Use Locality
Grid_420,G,19.23167,73.15,North Suburbs,0,0,0,0,0,0,0,0,0,0,0,0,0,0,0.0,0.0,0.0,2,3.94,8.65,0.3,0,0.0,0.0,0.0,0,0.0,0.0,0.0,0,0.0,0.0,0.0,2,4.12,9.04,0.0,0,0.0,0.0,0.0,0,0.0,0.0,0.0,0,0.0,0.0,0.0,0,0.0,0.0,0.0,,,,0.0,0.0,0.0,0.0,0.0,0.0,0.0,0.0,,0,Mixed-Use Locality
Grid_421,G,19.24875,72.77,North Suburbs,0,0,0,0,0,0,0,0,0,0,0,0,0,0,0.0,0.0,0.0,0,0.0,0.0,0.0,0,0.0,0.0,0.0,0,0.0,0.0,0.0,0,0.0,0.0,0.0,0,0.0,0.0,0.0,0,0.0,0.0,0.0,0,0.0,0.0,0.0,0,0.0,0.0,0.0,0,0.0,0.0,0.0,,,,0.0,0.0,0.0,0.0,0.0,0.0,0.0,0.0,,0,Mixed-Use Locality
Grid_422,G,19.24875,72.79,North Suburbs,0,0,0,0,0,0,0,0,0,2,0,2,0,0,0.0,0.0,0.0,0,0.0,0.0,0.0,0,0.0,0.0,0.0,0,0.0,0.0,0.0,0,0.0,0.0,0.0,0,0.0,0.0,0.0,0,0.0,0.0,0.0,0,0.0,0.0,0.0,0,0.0,0.0,0.0,0,0.0,0.0,0.0,,,,0.2,0.0,0.4,0.5,0.0,0.5,0.0,0.0,,0,Mixed-Use Locality
Grid_423,G,19.24875,72.81,North Suburbs,0,0,0,0,0,0,0,0,0,0,0,0,0,0,0.0,0.0,0.0,0,0.0,0.0,0.0,0,0.0,0.0,0.0,0,0.0,0.0,0.0,0,0.0,0.0,0.0,0,0.0,0.0,0.0,0,0.0,0.0,0.0,0,0.0,0.0,0.0,0,0.0,0.0,0.0,0,0.0,0.0,0.0,,,,0.0,0.0,0.0,0.0,0.0,0.0,0.0,0.0,,0,Mixed-Use Locality
Grid_424,G,19.24875,72.83,North Suburbs,0,0,0,0,0,0,0,0,0,0,0,0,0,0,0.0,0.0,0.0,0,0.0,0.0,0.0,0,0.0,0.0,0.0,0,0.0,0.0,0.0,0,0.0,0.0,0.0,0,0.0,0.0,0.0,0,0.0,0.0,0.0,0,0.0,0.0,0.0,0,0.0,0.0,0.0,0,0.0,0.0,0.0,,,,0.0,0.0,0.0,0.0,0.0,0.0,0.0,0.0,,0,Mixed-Use Locality
Grid_425,G,19.24875,72.85,North Suburbs,10,12,28,0,12,12,0,44,4,4,12,28,2,28,4.64,437.34,8.6,12,4.12,126.78,4.7,2,4.02,8.83,4.3,0,0.0,0.0,0.0,6,3.82,44.55,1.6,48,4.26,796.11,2.4,12,4.66,143.4,7.9,0,0.0,0.0,0.0,6,3.89,45.41,10.4,0,0.0,0.0,0.0,,,,9.5,10.6,5.2,5.3,13.1,1.1,15.0,0.0,,3,Mixed-Use Locality
Grid_426,G,19.24875,72.87,North Suburbs,0,0,0,0,0,0,0,0,0,0,0,0,0,2,4.18,9.19,0.2,2,3.68,8.09,0.3,0,0.0,0.0,0.0,0,0.0,0.0,0.0,0,0.0,0.0,0.0,10,4.07,97.61,0.3,6,4.17,48.68,2.7,4,3.86,24.83,2.9,2,4.05,8.9,2.0,0,0.0,0.0,0.0,,,,0.0,0.0,0.0,0.0,0.0,0.0,0.0,0.0,,0,Mixed-Use Locality
Grid_427,G,19.24875,72.89,North Suburbs,0,0,0,0,0,0,0,0,0,0,0,0,0,0,0.0,0.0,0.0,0,0.0,0.0,0.0,0,0.0,0.0,0.0,0,0.0,0.0,0.0,0,0.0,0.0,0.0,0,0.0,0.0,0.0,0,0.0,0.0,0.0,0,0.0,0.0,0.0,0,0.0,0.0,0.0,0,0.0,0.0,0.0,,,,0.0,0.0,0.0,0.0,0.0,0.0,0.0,0.0,,0,Mixed-Use Locality
Grid_428,G,19.24875,72.91,North Suburbs,0,0,0,0,0,0,0,0,0,0,0,0,0,0,0.0,0.0,0.0,0,0.0,0.0,0.0,0,0.0,0.0,0.0,0,0.0,0.0,0.0,0,0.0,0.0,0.0,0,0.0,0.0,0.0,0,0.0,0.0,0.0,0,0.0,0.0,0.0,0,0.0,0.0,0.0,0,0.0,0.0,0.0,,,,0.0,0.0,0.0,0.0,0.0,0.0,0.0,0.0,,0,Mixed-Use Locality
Grid_429,G,19.24875,72.93,North Suburbs,0,0,0,0,0,0,0,0,0,0,0,0,0,0,0.0,0.0,0.0,0,0.0,0.0,0.0,0,0.0,0.0,0.0,0,0.0,0.0,0.0,0,0.0,0.0,0.0,0,0.0,0.0,0.0,0,0.0,0.0,0.0,0,0.0,0.0,0.0,0,0.0,0.0,0.0,0,0.0,0.0,0.0,,,,0.0,0.0,0.0,0.0,0.0,0.0,0.0,0.0,,0,Mixed-Use Locality
Grid_430,G,19.24875,72.95,North Suburbs,0,0,0,0,0,0,0,0,0,0,0,0,0,0,0.0,0.0,0.0,0,0.0,0.0,0.0,0,0.0,0.0,0.0,0,0.0,0.0,0.0,0,0.0,0.0,0.0,0,0.0,0.0,0.0,0,0.0,0.0,0.0,0,0.0,0.0,0.0,0,0.0,0.0,0.0,0,0.0,0.0,0.0,,,,0.0,0.0,0.0,0.0,0.0,0.0,0.0,0.0,,0,Mixed-Use Locality
Grid_431,G,19.24875,72.97,North Suburbs,2,10,104,2,10,8,0,18,16,12,2,14,4,14,4.22,160.01,3.2,2,3.75,8.24,0.3,4,3.84,24.75,12.1,2,3.67,8.06,0.7,8,3.93,69.0,2.5,84,4.56,1702.73,5.0,10,4.52,108.42,6.0,2,3.81,8.37,1.0,6,3.82,44.62,10.2,0,0.0,0.0,0.0,,,,7.3,10.6,5.6,5.8,14.2,4.2,10.0,5.263157894736842,,3,Mixed-Use Locality
Grid_432,G,19.24875,72.99,North Suburbs,2,4,68,2,12,10,0,4,10,4,6,6,0,0,0.0,0.0,0.0,0,0.0,0.0,0.0,0,0.0,0.0,0.0,0,0.0,0.0,0.0,0,0.0,0.0,0.0,0,0.0,0.0,0.0,0,0.0,0.0,0.0,0,0.0,0.0,0.0,0,0.0,0.0,0.0,0,0.0,0.0,0.0,,,,6.6,9.4,5.0,3.9,11.9,2.1,12.5,5.263157894736842,,3,Mixed-Use Locality
Grid_433,G,19.24875,73.01,North Suburbs,0,0,0,0,0,0,0,0,0,0,0,0,0,0,0.0,0.0,0.0,0,0.0,0.0,0.0,0,0.0,0.0,0.0,0,0.0,0.0,0.0,0,0.0,0.0,0.0,0,0.0,0.0,0.0,0,0.0,0.0,0.0,0,0.0,0.0,0.0,0,0.0,0.0,0.0,0,0.0,0.0,0.0,,,,0.0,0.0,0.0,0.0,0.0,0.0,0.0,0.0,,0,Mixed-Use Locality
Grid_434,G,19.24875,73.03,North Suburbs,0,0,0,0,0,0,0,0,0,0,0,0,0,0,0.0,0.0,0.0,0,0.0,0.0,0.0,0,0.0,0.0,0.0,0,0.0,0.0,0.0,0,0.0,0.0,0.0,0,0.0,0.0,0.0,0,0.0,0.0,0.0,2,3.73,8.19,1.0,0,0.0,0.0,0.0,0,0.0,0.0,0.0,,,,0.0,0.0,0.0,0.0,0.0,0.0,0.0,0.0,,0,Mixed-Use Locality
Grid_435,G,19.24875,73.05,North Suburbs,0,0,0,0,0,0,0,0,0,0,0,0,0,0,0.0,0.0,0.0,0,0.0,0.0,0.0,0,0.0,0.0,0.0,0,0.0,0.0,0.0,0,0.0,0.0,0.0,0,0.0,0.0,0.0,0,0.0,0.0,0.0,0,0.0,0.0,0.0,0,0.0,0.0,0.0,0,0.0,0.0,0.0,,,,0.0,0.0,0.0,0.0,0.0,0.0,0.0,0.0,,0,Mixed-Use Locality
Grid_436,G,19.24875,73.07,North Suburbs,0,0,0,0,0,0,0,0,0,0,0,0,0,0,0.0,0.0,0.0,0,0.0,0.0,0.0,0,0.0,0.0,0.0,0,0.0,0.0,0.0,0,0.0,0.0,0.0,0,0.0,0.0,0.0,0,0.0,0.0,0.0,0,0.0,0.0,0.0,0,0.0,0.0,0.0,0,0.0,0.0,0.0,,,,0.0,0.0,0.0,0.0,0.0,0.0,0.0,0.0,,0,Mixed-Use Locality
Grid_437,G,19.24875,73.09,North Suburbs,0,0,0,0,0,0,0,4,0,0,0,0,0,0,0.0,0.0,0.0,0,0.0,0.0,0.0,0,0.0,0.0,0.0,0,0.0,0.0,0.0,0,0.0,0.0,0.0,0,0.0,0.0,0.0,0,0.0,0.0,0.0,0,0.0,0.0,0.0,0,0.0,0.0,0.0,0,0.0,0.0,0.0,,,,0.0,0.0,0.0,0.0,0.0,0.0,0.0,0.0,,0,Mixed-Use Locality
Grid_438,G,19.24875,73.11,North Suburbs,0,0,0,0,0,0,0,0,0,0,0,0,0,0,0.0,0.0,0.0,0,0.0,0.0,0.0,0,0.0,0.0,0.0,0,0.0,0.0,0.0,0,0.0,0.0,0.0,0,0.0,0.0,0.0,0,0.0,0.0,0.0,0,0.0,0.0,0.0,0,0.0,0.0,0.0,0,0.0,0.0,0.0,,,,0.0,0.0,0.0,0.0,0.0,0.0,0.0,0.0,,0,Mixed-Use Locality
Grid_439,G,19.24875,73.13,North Suburbs,2,0,12,4,6,8,0,92,2,10,0,4,0,4,4.24,27.27,0.5,0,0.0,0.0,0.0,0,0.0,0.0,0.0,0,0.0,0.0,0.0,0,0.0,0.0,0.0,6,4.2,49.01,0.1,6,4.11,47.96,2.7,0,0.0,0.0,0.0,0,0.0,0.0,0.0,0,0.0,0.0,0.0,,,,5.2,6.8,5.8,4.7,6.2,4.7,10.0,10.526315789473683,,3,Mixed-Use Locality
Grid_440,G,19.24875,73.15,North Suburbs,0,0,0,0,0,0,0,0,0,0,0,0,0,2,3.94,8.66,0.2,2,4.2,9.23,0.3,0,0.0,0.0,0.0,0,0.0,0.0,0.0,0,0.0,0.0,0.0,2,3.87,8.51,0.0,4,3.79,24.39,1.3,0,0.0,0.0,0.0,0,0.0,0.0,0.0,0,0.0,0.0,0.0,,,,0.0,0.0,0.0,0.0,0.0,0.0,0.0,0.0,,0,Mixed-Use Locality
Grid_441,G,19.26583,72.77,North Suburbs,0,0,0,0,0,0,0,0,0,0,0,0,0,0,0.0,0.0,0.0,0,0.0,0.0,0.0,0,0.0,0.0,0.0,0,0.0,0.0,0.0,0,0.0,0.0,0.0,0,0.0,0.0,0.0,0,0.0,0.0,0.0,0,0.0,0.0,0.0,0,0.0,0.0,0.0,0,0.0,0.0,0.0,,,,0.0,0.0,0.0,0.0,0.0,0.0,0.0,0.0,,0,Mixed-Use Locality
Grid_442,G,19.26583,72.79,North Suburbs,0,0,0,0,0,0,0,0,0,0,0,0,0,0,0.0,0.0,0.0,0,0.0,0.0,0.0,0,0.0,0.0,0.0,0,0.0,0.0,0.0,0,0.0,0.0,0.0,0,0.0,0.0,0.0,0,0.0,0.0,0.0,0,0.0,0.0,0.0,0,0.0,0.0,0.0,0,0.0,0.0,0.0,,,,0.0,0.0,0.0,0.0,0.0,0.0,0.0,0.0,,0,Mixed-Use Locality
Grid_443,G,19.26583,72.81,North Suburbs,0,0,0,0,0,0,0,0,0,0,0,0,0,0,0.0,0.0,0.0,0,0.0,0.0,0.0,0,0.0,0.0,0.0,0,0.0,0.0,0.0,0,0.0,0.0,0.0,0,0.0,0.0,0.0,0,0.0,0.0,0.0,0,0.0,0.0,0.0,0,0.0,0.0,0.0,0,0.0,0.0,0.0,,,,0.0,0.0,0.0,0.0,0.0,0.0,0.0,0.0,,0,Mixed-Use Locality
Grid_444,G,19.26583,72.83,North Suburbs,0,0,0,0,0,0,0,0,0,0,0,0,0,0,0.0,0.0,0.0,0,0.0,0.0,0.0,0,0.0,0.0,0.0,0,0.0,0.0,0.0,0,0.0,0.0,0.0,0,0.0,0.0,0.0,0,0.0,0.0,0.0,0,0.0,0.0,0.0,0,0.0,0.0,0.0,0,0.0,0.0,0.0,,,,0.0,0.0,0.0,0.0,0.0,0.0,0.0,0.0,,0,Mixed-Use Locality
Grid_445,G,19.26583,72.85,North Suburbs,0,0,0,0,0,0,0,0,0,0,0,0,0,0,0.0,0.0,0.0,0,0.0,0.0,0.0,0,0.0,0.0,0.0,0,0.0,0.0,0.0,0,0.0,0.0,0.0,0,0.0,0.0,0.0,0,0.0,0.0,0.0,0,0.0,0.0,0.0,0,0.0,0.0,0.0,0,0.0,0.0,0.0,,,,0.0,0.0,0.0,0.0,0.0,0.0,0.0,0.0,,0,Mixed-Use Locality
Grid_446,G,19.26583,72.87,North Suburbs,6,36,38,0,10,16,6,22,6,4,2,10,0,10,4.15,99.6,2.0,2,4.06,8.91,0.3,0,0.0,0.0,0.0,0,0.0,0.0,0.0,0,0.0,0.0,0.0,32,4.57,510.95,1.5,10,4.07,97.53,5.4,4,4.08,26.26,3.1,0,0.0,0.0,0.0,0,0.0,0.0,0.0,,,,18.3,16.2,18.7,19.4,19.5,16.1,20.0,0.0,,3,Mixed-Use Locality
Grid_447,G,19.26583,72.89,North Suburbs,0,0,0,0,0,0,0,0,0,0,0,0,0,0,0.0,0.0,0.0,0,0.0,0.0,0.0,0,0.0,0.0,0.0,0,0.0,0.0,0.0,0,0.0,0.0,0.0,0,0.0,0.0,0.0,0,0.0,0.0,0.0,0,0.0,0.0,0.0,0,0.0,0.0,0.0,0,0.0,0.0,0.0,,,,0.0,0.0,0.0,0.0,0.0,0.0,0.0,0.0,,0,Mixed-Use Locality
Grid_448,G,19.26583,72.91,North Suburbs,0,0,0,0,0,0,0,0,0,0,0,0,0,4,4.18,26.89,0.5,0,0.0,0.0,0.0,0,0.0,0.0,0.0,0,0.0,0.0,0.0,0,0.0,0.0,0.0,0,0.0,0.0,0.0,0,0.0,0.0,0.0,2,4.05,8.89,1.0,0,0.0,0.0,0.0,0,0.0,0.0,0.0,,,,0.0,0.0,0.0,0.0,0.0,0.0,0.0,0.0,,0,Mixed-Use Locality
Grid_449,G,19.26583,72.93,North Suburbs,0,0,0,0,0,0,0,0,0,0,0,0,0,0,0.0,0.0,0.0,0,0.0,0.0,0.0,0,0.0,0.0,0.0,0,0.0,0.0,0.0,0,0.0,0.0,0.0,0,0.0,0.0,0.0,0,0.0,0.0,0.0,0,0.0,0.0,0.0,0,0.0,0.0,0.0,0,0.0,0.0,0.0,,,,0.0,0.0,0.0,0.0,0.0,0.0,0.0,0.0,,0,Mixed-Use Locality
Grid_450,G,19.26583,72.95,North Suburbs,0,0,0,0,0,0,0,0,0,0,0,0,0,0,0.0,0.0,0.0,0,0.0,0.0,0.0,0,0.0,0.0,0.0,0,0.0,0.0,0.0,0,0.0,0.0,0.0,0,0.0,0.0,0.0,6,4.05,47.24,2.6,0,0.0,0.0,0.0,0,0.0,0.0,0.0,0,0.0,0.0,0.0,,,,0.0,0.0,0.0,0.0,0.0,0.0,0.0,0.0,,0,Mixed-Use Locality
Grid_451,G,19.26583,72.97,North Suburbs,0,4,88,4,12,12,4,22,16,8,2,2,0,0,0.0,0.0,0.0,0,0.0,0.0,0.0,0,0.0,0.0,0.0,0,0.0,0.0,0.0,0,0.0,0.0,0.0,0,0.0,0.0,0.0,0,0.0,0.0,0.0,0,0.0,0.0,0.0,0,0.0,0.0,0.0,0,0.0,0.0,0.0,,,,10.5,11.8,15.0,13.3,14.2,14.2,15.0,10.526315789473683,,3,Mixed-Use Locality
Grid_452,G,19.26583,72.99,North Suburbs,0,0,0,0,0,0,0,0,0,0,0,0,0,4,3.71,23.85,0.5,4,3.77,24.28,0.9,0,0.0,0.0,0.0,0,0.0,0.0,0.0,2,3.9,8.57,0.3,10,4.44,106.5,0.3,4,4.23,27.23,1.5,2,3.84,8.43,1.0,2,3.84,8.44,1.9,0,0.0,0.0,0.0,,,,0.0,0.0,0.0,0.0,0.0,0.0,0.0,0.0,,0,Mixed-Use Locality
Grid_453,G,19.26583,73.01,North Suburbs,0,0,0,0,0,0,0,0,0,0,0,0,0,0,0.0,0.0,0.0,0,0.0,0.0,0.0,0,0.0,0.0,0.0,0,0.0,0.0,0.0,0,0.0,0.0,0.0,0,0.0,0.0,0.0,0,0.0,0.0,0.0,0,0.0,0.0,0.0,0,0.0,0.0,0.0,0,0.0,0.0,0.0,,,,0.0,0.0,0.0,0.0,0.0,0.0,0.0,0.0,,0,Mixed-Use Locality
Grid_454,G,19.26583,73.03,North Suburbs,0,0,0,0,0,0,0,0,0,0,0,0,0,0,0.0,0.0,0.0,0,0.0,0.0,0.0,0,0.0,0.0,0.0,0,0.0,0.0,0.0,0,0.0,0.0,0.0,2,3.66,8.03,0.0,0,0.0,0.0,0.0,0,0.0,0.0,0.0,0,0.0,0.0,0.0,0,0.0,0.0,0.0,,,,0.0,0.0,0.0,0.0,0.0,0.0,0.0,0.0,,0,Mixed-Use Locality
Grid_455,G,19.26583,73.05,North Suburbs,0,0,0,0,0,0,0,0,0,0,0,0,0,0,0.0,0.0,0.0,0,0.0,0.0,0.0,0,0.0,0.0,0.0,0,0.0,0.0,0.0,0,0.0,0.0,0.0,0,0.0,0.0,0.0,0,0.0,0.0,0.0,0,0.0,0.0,0.0,0,0.0,0.0,0.0,0,0.0,0.0,0.0,,,,0.0,0.0,0.0,0.0,0.0,0.0,0.0,0.0,,0,Mixed-Use Locality
Grid_456,G,19.26583,73.07,North Suburbs,0,0,0,0,0,0,0,0,0,0,0,0,0,0,0.0,0.0,0.0,0,0.0,0.0,0.0,0,0.0,0.0,0.0,0,0.0,0.0,0.0,0,0.0,0.0,0.0,0,0.0,0.0,0.0,0,0.0,0.0,0.0,0,0.0,0.0,0.0,0,0.0,0.0,0.0,0,0.0,0.0,0.0,,,,0.0,0.0,0.0,0.0,0.0,0.0,0.0,0.0,,0,Mixed-Use Locality
Grid_457,G,19.26583,73.09,North Suburbs,0,0,8,0,0,0,0,4,0,0,0,4,0,4,4.16,26.76,0.5,0,0.0,0.0,0.0,0,0.0,0.0,0.0,0,0.0,0.0,0.0,0,0.0,0.0,0.0,0,0.0,0.0,0.0,0,0.0,0.0,0.0,0,0.0,0.0,0.0,0,0.0,0.0,0.0,0,0.0,0.0,0.0,,,,0.0,0.3,0.0,0.0,0.6,0.0,0.0,0.0,,0,Mixed-Use Locality
Grid_458,G,19.26583,73.11,North Suburbs,0,0,0,0,0,0,0,0,0,0,0,0,0,0,0.0,0.0,0.0,0,0.0,0.0,0.0,0,0.0,0.0,0.0,0,0.0,0.0,0.0,0,0.0,0.0,0.0,0,0.0,0.0,0.0,0,0.0,0.0,0.0,0,0.0,0.0,0.0,0,0.0,0.0,0.0,0,0.0,0.0,0.0,,,,0.0,0.0,0.0,0.0,0.0,0.0,0.0,0.0,,0,Mixed-Use Locality
Grid_459,G,19.26583,73.13,North Suburbs,0,0,0,2,4,0,0,10,0,2,0,0,0,0,0.0,0.0,0.0,0,0.0,0.0,0.0,0,0.0,0.0,0.0,0,0.0,0.0,0.0,0,0.0,0.0,0.0,0,0.0,0.0,0.0,0,0.0,0.0,0.0,0,0.0,0.0,0.0,0,0.0,0.0,0.0,0,0.0,0.0,0.0,,,,1.1,1.1,0.9,0.5,0.0,1.6,0.0,5.263157894736842,,0,Mixed-Use Locality
Grid_460,G,19.26583,73.15,North Suburbs,0,0,0,0,0,0,0,0,0,0,0,0,0,0,0.0,0.0,0.0,0,0.0,0.0,0.0,0,0.0,0.0,0.0,0,0.0,0.0,0.0,0,0.0,0.0,0.0,2,3.63,7.97,0.0,0,0.0,0.0,0.0,0,0.0,0.0,0.0,0,0.0,0.0,0.0,0,0.0,0.0,0.0,,,,0.0,0.0,0.0,0.0,0.0,0.0,0.0,0.0,,0,Mixed-Use Locality
Grid_461,G,19.28292,72.77,North Suburbs,0,0,0,0,0,0,0,2,0,0,0,0,0,0,0.0,0.0,0.0,0,0.0,0.0,0.0,0,0.0,0.0,0.0,0,0.0,0.0,0.0,0,0.0,0.0,0.0,0,0.0,0.0,0.0,0,0.0,0.0,0.0,0,0.0,0.0,0.0,0,0.0,0.0,0.0,0,0.0,0.0,0.0,,,,0.0,0.0,0.0,0.0,0.0,0.0,0.0,0.0,,0,Mixed-Use Locality
Grid_462,G,19.28292,72.79,North Suburbs,0,0,0,0,0,0,0,0,0,0,0,0,0,0,0.0,0.0,0.0,0,0.0,0.0,0.0,0,0.0,0.0,0.0,0,0.0,0.0,0.0,0,0.0,0.0,0.0,2,3.77,8.28,0.0,2,3.83,8.41,0.5,0,0.0,0.0,0.0,0,0.0,0.0,0.0,0,0.0,0.0,0.0,,,,0.0,0.0,0.0,0.0,0.0,0.0,0.0,0.0,,0,Mixed-Use Locality
Grid_463,G,19.28292,72.81,North Suburbs,0,0,0,0,0,0,0,0,0,0,0,0,0,0,0.0,0.0,0.0,0,0.0,0.0,0.0,0,0.0,0.0,0.0,0,0.0,0.0,0.0,0,0.0,0.0,0.0,0,0.0,0.0,0.0,0,0.0,0.0,0.0,0,0.0,0.0,0.0,0,0.0,0.0,0.0,0,0.0,0.0,0.0,,,,0.0,0.0,0.0,0.0,0.0,0.0,0.0,0.0,,0,Mixed-Use Locality
Grid_464,G,19.28292,72.83,North Suburbs,0,0,0,0,0,0,0,0,0,0,0,0,0,0,0.0,0.0,0.0,0,0.0,0.0,0.0,0,0.0,0.0,0.0,0,0.0,0.0,0.0,0,0.0,0.0,0.0,0,0.0,0.0,0.0,0,0.0,0.0,0.0,0,0.0,0.0,0.0,0,0.0,0.0,0.0,0,0.0,0.0,0.0,,,,0.0,0.0,0.0,0.0,0.0,0.0,0.0,0.0,,0,Mixed-Use Locality
Grid_465,G,19.28292,72.85,North Suburbs,10,8,22,0,2,14,2,28,24,8,2,4,0,0,0.0,0.0,0.0,0,0.0,0.0,0.0,0,0.0,0.0,0.0,0,0.0,0.0,0.0,0,0.0,0.0,0.0,0,0.0,0.0,0.0,0,0.0,0.0,0.0,0,0.0,0.0,0.0,0,0.0,0.0,0.0,0,0.0,0.0,0.0,,,,9.8,10.7,10.7,10.6,13.2,7.1,17.5,0.0,,3,Mixed-Use Locality
Grid_466,G,19.28292,72.87,North Suburbs,4,14,44,0,16,26,2,62,100,16,6,30,0,30,4.49,462.1,9.1,6,4.08,47.65,1.8,0,0.0,0.0,0.0,2,3.63,7.97,0.7,8,4.45,78.24,2.8,166,4.5,3826.82,11.3,16,4.58,207.82,11.5,2,3.84,8.44,1.0,0,0.0,0.0,0.0,0,0.0,0.0,0.0,,,,16.4,17.5,16.6,15.7,22.3,9.2,32.5,0.0,,3,Mixed-Use Locality
Grid_467,G,19.28292,72.89,North Suburbs,0,0,0,0,0,0,0,0,0,0,0,0,0,0,0.0,0.0,0.0,0,0.0,0.0,0.0,0,0.0,0.0,0.0,0,0.0,0.0,0.0,0,0.0,0.0,0.0,0,0.0,0.0,0.0,0,0.0,0.0,0.0,0,0.0,0.0,0.0,0,0.0,0.0,0.0,0,0.0,0.0,0.0,,,,0.0,0.0,0.0,0.0,0.0,0.0,0.0,0.0,,0,Mixed-Use Locality
Grid_468,G,19.28292,72.91,North Suburbs,0,0,0,0,0,0,0,0,0,0,0,0,0,8,4.22,74.2,1.5,0,0.0,0.0,0.0,0,0.0,0.0,0.0,0,0.0,0.0,0.0,0,0.0,0.0,0.0,0,0.0,0.0,0.0,0,0.0,0.0,0.0,12,4.67,143.67,16.9,0,0.0,0.0,0.0,0,0.0,0.0,0.0,,,,0.0,0.0,0.0,0.0,0.0,0.0,0.0,0.0,,0,Mixed-Use Locality
Grid_469,G,19.28292,72.93,North Suburbs,0,0,0,0,0,0,0,0,0,0,0,0,0,0,0.0,0.0,0.0,0,0.0,0.0,0.0,0,0.0,0.0,0.0,0,0.0,0.0,0.0,0,0.0,0.0,0.0,0,0.0,0.0,0.0,0,0.0,0.0,0.0,0,0.0,0.0,0.0,0,0.0,0.0,0.0,0,0.0,0.0,0.0,,,,0.0,0.0,0.0,0.0,0.0,0.0,0.0,0.0,,0,Mixed-Use Locality
Grid_470,G,19.28292,72.95,North Suburbs,0,0,0,0,0,0,0,0,0,0,0,0,0,4,4.2,27.03,0.5,0,0.0,0.0,0.0,0,0.0,0.0,0.0,0,0.0,0.0,0.0,0,0.0,0.0,0.0,0,0.0,0.0,0.0,2,3.64,8.0,0.4,6,4.26,49.79,5.9,0,0.0,0.0,0.0,0,0.0,0.0,0.0,,,,0.0,0.0,0.0,0.0,0.0,0.0,0.0,0.0,,0,Mixed-Use Locality
Grid_471,G,19.28292,72.97,North Suburbs,0,0,0,0,0,0,0,0,0,0,0,0,0,0,0.0,0.0,0.0,0,0.0,0.0,0.0,0,0.0,0.0,0.0,0,0.0,0.0,0.0,0,0.0,0.0,0.0,0,0.0,0.0,0.0,0,0.0,0.0,0.0,0,0.0,0.0,0.0,0,0.0,0.0,0.0,0,0.0,0.0,0.0,,,,0.0,0.0,0.0,0.0,0.0,0.0,0.0,0.0,,0,Mixed-Use Locality
Grid_472,G,19.28292,72.99,North Suburbs,0,0,0,0,0,0,0,0,0,0,0,0,0,0,0.0,0.0,0.0,0,0.0,0.0,0.0,0,0.0,0.0,0.0,0,0.0,0.0,0.0,0,0.0,0.0,0.0,0,0.0,0.0,0.0,0,0.0,0.0,0.0,0,0.0,0.0,0.0,0,0.0,0.0,0.0,0,0.0,0.0,0.0,,,,0.0,0.0,0.0,0.0,0.0,0.0,0.0,0.0,,0,Mixed-Use Locality
Grid_473,G,19.28292,73.01,North Suburbs,0,0,0,0,0,0,0,0,0,0,0,0,0,0,0.0,0.0,0.0,0,0.0,0.0,0.0,0,0.0,0.0,0.0,0,0.0,0.0,0.0,0,0.0,0.0,0.0,0,0.0,0.0,0.0,0,0.0,0.0,0.0,0,0.0,0.0,0.0,0,0.0,0.0,0.0,0,0.0,0.0,0.0,,,,0.0,0.0,0.0,0.0,0.0,0.0,0.0,0.0,,0,Mixed-Use Locality
Grid_474,G,19.28292,73.03,North Suburbs,0,0,0,0,0,0,0,2,0,0,0,0,0,0,0.0,0.0,0.0,0,0.0,0.0,0.0,0,0.0,0.0,0.0,0,0.0,0.0,0.0,0,0.0,0.0,0.0,0,0.0,0.0,0.0,0,0.0,0.0,0.0,0,0.0,0.0,0.0,0,0.0,0.0,0.0,0,0.0,0.0,0.0,,,,0.0,0.0,0.0,0.0,0.0,0.0,0.0,0.0,,0,Mixed-Use Locality
Grid_475,G,19.28292,73.05,North Suburbs,0,0,0,0,0,0,0,0,0,0,0,0,0,4,4.12,26.53,0.5,0,0.0,0.0,0.0,0,0.0,0.0,0.0,0,0.0,0.0,0.0,0,0.0,0.0,0.0,0,0.0,0.0,0.0,2,3.63,7.98,0.4,0,0.0,0.0,0.0,0,0.0,0.0,0.0,0,0.0,0.0,0.0,,,,0.0,0.0,0.0,0.0,0.0,0.0,0.0,0.0,,0,Mixed-Use Locality
Grid_476,G,19.28292,73.07,North Suburbs,0,0,20,2,0,0,0,2,0,2,0,0,0,0,0.0,0.0,0.0,0,0.0,0.0,0.0,0,0.0,0.0,0.0,0,0.0,0.0,0.0,0,0.0,0.0,0.0,0,0.0,0.0,0.0,0,0.0,0.0,0.0,0,0.0,0.0,0.0,0,0.0,0.0,0.0,0,0.0,0.0,0.0,,,,0.5,1.7,0.9,0.5,1.4,1.6,0.0,5.263157894736842,,0,Mixed-Use Locality
Grid_477,G,19.28292,73.09,North Suburbs,0,0,0,0,0,0,0,0,0,0,0,0,0,0,0.0,0.0,0.0,0,0.0,0.0,0.0,0,0.0,0.0,0.0,0,0.0,0.0,0.0,0,0.0,0.0,0.0,2,3.91,8.58,0.0,0,0.0,0.0,0.0,0,0.0,0.0,0.0,0,0.0,0.0,0.0,0,0.0,0.0,0.0,,,,0.0,0.0,0.0,0.0,0.0,0.0,0.0,0.0,,0,Mixed-Use Locality
Grid_478,G,19.28292,73.11,North Suburbs,0,0,0,0,0,4,0,0,0,0,0,0,0,0,0.0,0.0,0.0,0,0.0,0.0,0.0,0,0.0,0.0,0.0,0,0.0,0.0,0.0,0,0.0,0.0,0.0,0,0.0,0.0,0.0,0,0.0,0.0,0.0,0,0.0,0.0,0.0,0,0.0,0.0,0.0,0,0.0,0.0,0.0,,,,1.2,2.0,1.5,1.0,2.5,0.0,5.0,0.0,,0,Mixed-Use Locality
Grid_479,G,19.28292,73.13,North Suburbs,0,0,0,0,0,0,0,0,0,0,0,0,0,0,0.0,0.0,0.0,0,0.0,0.0,0.0,0,0.0,0.0,0.0,0,0.0,0.0,0.0,0,0.0,0.0,0.0,0,0.0,0.0,0.0,0,0.0,0.0,0.0,0,0.0,0.0,0.0,0,0.0,0.0,0.0,0,0.0,0.0,0.0,,,,0.0,0.0,0.0,0.0,0.0,0.0,0.0,0.0,,0,Mixed-Use Locality
Grid_480,G,19.28292,73.15,North Suburbs,0,0,0,0,0,0,0,0,0,0,0,0,0,0,0.0,0.0,0.0,0,0.0,0.0,0.0,0,0.0,0.0,0.0,0,0.0,0.0,0.0,0,0.0,0.0,0.0,0,0.0,0.0,0.0,0,0.0,0.0,0.0,0,0.0,0.0,0.0,0,0.0,0.0,0.0,0,0.0,0.0,0.0,,,,0.0,0.0,0.0,0.0,0.0,0.0,0.0,0.0,,0,Mixed-Use Locality
Grid_481,G,19.3,72.77,North Suburbs,0,0,0,0,0,0,0,0,0,0,0,0,0,0,0.0,0.0,0.0,0,0.0,0.0,0.0,0,0.0,0.0,0.0,0,0.0,0.0,0.0,0,0.0,0.0,0.0,0,0.0,0.0,0.0,0,0.0,0.0,0.0,0,0.0,0.0,0.0,0,0.0,0.0,0.0,0,0.0,0.0,0.0,,,,0.0,0.0,0.0,0.0,0.0,0.0,0.0,0.0,,0,Mixed-Use Locality
Grid_482,G,19.3,72.79,North Suburbs,0,0,0,0,0,0,0,0,0,0,0,0,0,0,0.0,0.0,0.0,0,0.0,0.0,0.0,0,0.0,0.0,0.0,0,0.0,0.0,0.0,0,0.0,0.0,0.0,0,0.0,0.0,0.0,0,0.0,0.0,0.0,0,0.0,0.0,0.0,0,0.0,0.0,0.0,0,0.0,0.0,0.0,,,,0.0,0.0,0.0,0.0,0.0,0.0,0.0,0.0,,0,Mixed-Use Locality
Grid_483,G,19.3,72.81,North Suburbs,0,0,0,0,0,0,0,0,0,0,0,0,0,0,0.0,0.0,0.0,0,0.0,0.0,0.0,0,0.0,0.0,0.0,0,0.0,0.0,0.0,0,0.0,0.0,0.0,0,0.0,0.0,0.0,0,0.0,0.0,0.0,0,0.0,0.0,0.0,0,0.0,0.0,0.0,0,0.0,0.0,0.0,,,,0.0,0.0,0.0,0.0,0.0,0.0,0.0,0.0,,0,Mixed-Use Locality
Grid_484,G,19.3,72.83,North Suburbs,2,2,4,0,0,0,0,0,2,0,0,0,0,0,0.0,0.0,0.0,0,0.0,0.0,0.0,0,0.0,0.0,0.0,0,0.0,0.0,0.0,0,0.0,0.0,0.0,0,0.0,0.0,0.0,0,0.0,0.0,0.0,0,0.0,0.0,0.0,0,0.0,0.0,0.0,0,0.0,0.0,0.0,,,,0.7,0.8,0.0,0.2,0.9,0.0,0.0,0.0,,0,Mixed-Use Locality
Grid_485,G,19.3,72.85,North Suburbs,10,8,44,0,4,40,2,86,60,18,2,10,4,0,0.0,0.0,0.0,0,0.0,0.0,0.0,0,0.0,0.0,0.0,0,0.0,0.0,0.0,0,0.0,0.0,0.0,0,0.0,0.0,0.0,0,0.0,0.0,0.0,0,0.0,0.0,0.0,0,0.0,0.0,0.0,0,0.0,0.0,0.0,,,,19.2,24.5,22.2,19.7,31.0,9.7,50.0,0.0,,1,Corporate Hub
Grid_486,G,19.3,72.87,North Suburbs,0,0,0,0,0,0,0,0,0,0,0,0,0,0,0.0,0.0,0.0,0,0.0,0.0,0.0,0,0.0,0.0,0.0,0,0.0,0.0,0.0,0,0.0,0.0,0.0,0,0.0,0.0,0.0,0,0.0,0.0,0.0,0,0.0,0.0,0.0,0,0.0,0.0,0.0,0,0.0,0.0,0.0,,,,0.0,0.0,0.0,0.0,0.0,0.0,0.0,0.0,,0,Mixed-Use Locality
Grid_487,G,19.3,72.89,North Suburbs,0,0,2,0,2,6,0,0,14,2,0,0,0,0,0.0,0.0,0.0,0,0.0,0.0,0.0,0,0.0,0.0,0.0,0,0.0,0.0,0.0,0,0.0,0.0,0.0,2,4.12,9.05,0.0,2,3.84,8.43,0.5,0,0.0,0.0,0.0,0,0.0,0.0,0.0,0,0.0,0.0,0.0,,,,2.4,3.1,2.6,2.0,3.9,0.5,7.5,0.0,,0,Mixed-Use Locality
Grid_488,G,19.3,72.91,North Suburbs,0,0,0,0,0,0,0,0,0,0,0,0,0,0,0.0,0.0,0.0,0,0.0,0.0,0.0,0,0.0,0.0,0.0,0,0.0,0.0,0.0,0,0.0,0.0,0.0,0,0.0,0.0,0.0,0,0.0,0.0,0.0,0,0.0,0.0,0.0,0,0.0,0.0,0.0,0,0.0,0.0,0.0,,,,0.0,0.0,0.0,0.0,0.0,0.0,0.0,0.0,,0,Mixed-Use Locality
Grid_489,G,19.3,72.93,North Suburbs,0,0,0,0,0,0,0,0,0,0,0,0,0,0,0.0,0.0,0.0,0,0.0,0.0,0.0,0,0.0,0.0,0.0,0,0.0,0.0,0.0,0,0.0,0.0,0.0,0,0.0,0.0,0.0,0,0.0,0.0,0.0,0,0.0,0.0,0.0,0,0.0,0.0,0.0,0,0.0,0.0,0.0,,,,0.0,0.0,0.0,0.0,0.0,0.0,0.0,0.0,,0,Mixed-Use Locality
Grid_490,G,19.3,72.95,North Suburbs,0,0,0,0,0,0,0,0,0,0,0,0,0,0,0.0,0.0,0.0,0,0.0,0.0,0.0,0,0.0,0.0,0.0,0,0.0,0.0,0.0,0,0.0,0.0,0.0,0,0.0,0.0,0.0,0,0.0,0.0,0.0,0,0.0,0.0,0.0,0,0.0,0.0,0.0,0,0.0,0.0,0.0,,,,0.0,0.0,0.0,0.0,0.0,0.0,0.0,0.0,,0,Mixed-Use Locality
Grid_491,G,19.3,72.97,North Suburbs,0,0,0,0,0,0,0,0,0,0,0,0,0,0,0.0,0.0,0.0,0,0.0,0.0,0.0,0,0.0,0.0,0.0,0,0.0,0.0,0.0,0,0.0,0.0,0.0,0,0.0,0.0,0.0,0,0.0,0.0,0.0,0,0.0,0.0,0.0,0,0.0,0.0,0.0,0,0.0,0.0,0.0,,,,0.0,0.0,0.0,0.0,0.0,0.0,0.0,0.0,,0,Mixed-Use Locality
Grid_492,G,19.3,72.99,North Suburbs,0,0,0,0,0,0,0,0,0,0,0,0,0,0,0.0,0.0,0.0,0,0.0,0.0,0.0,0,0.0,0.0,0.0,0,0.0,0.0,0.0,0,0.0,0.0,0.0,0,0.0,0.0,0.0,0,0.0,0.0,0.0,0,0.0,0.0,0.0,0,0.0,0.0,0.0,0,0.0,0.0,0.0,,,,0.0,0.0,0.0,0.0,0.0,0.0,0.0,0.0,,0,Mixed-Use Locality
Grid_493,G,19.3,73.01,North Suburbs,0,0,0,0,0,0,0,2,0,0,0,0,0,0,0.0,0.0,0.0,0,0.0,0.0,0.0,0,0.0,0.0,0.0,0,0.0,0.0,0.0,0,0.0,0.0,0.0,0,0.0,0.0,0.0,0,0.0,0.0,0.0,0,0.0,0.0,0.0,0,0.0,0.0,0.0,0,0.0,0.0,0.0,,,,0.0,0.0,0.0,0.0,0.0,0.0,0.0,0.0,,0,Mixed-Use Locality
Grid_494,G,19.3,73.03,North Suburbs,0,0,0,0,0,0,0,0,0,0,0,0,0,0,0.0,0.0,0.0,0,0.0,0.0,0.0,2,3.95,8.69,4.2,0,0.0,0.0,0.0,0,0.0,0.0,0.0,0,0.0,0.0,0.0,2,3.77,8.28,0.5,0,0.0,0.0,0.0,0,0.0,0.0,0.0,0,0.0,0.0,0.0,,,,0.0,0.0,0.0,0.0,0.0,0.0,0.0,0.0,,0,Mixed-Use Locality
Grid_495,G,19.3,73.05,North Suburbs,0,0,8,2,4,6,0,40,2,4,0,0,2,0,0.0,0.0,0.0,0,0.0,0.0,0.0,0,0.0,0.0,0.0,0,0.0,0.0,0.0,0,0.0,0.0,0.0,0,0.0,0.0,0.0,0,0.0,0.0,0.0,0,0.0,0.0,0.0,0,0.0,0.0,0.0,0,0.0,0.0,0.0,,,,3.1,4.3,3.5,2.6,4.3,2.1,7.5,5.263157894736842,,0,Mixed-Use Locality
Grid_496,G,19.3,73.07,North Suburbs,0,0,26,0,0,2,0,38,4,4,0,0,0,0,0.0,0.0,0.0,0,0.0,0.0,0.0,0,0.0,0.0,0.0,0,0.0,0.0,0.0,0,0.0,0.0,0.0,0,0.0,0.0,0.0,0,0.0,0.0,0.0,0,0.0,0.0,0.0,0,0.0,0.0,0.0,0,0.0,0.0,0.0,,,,1.0,1.9,1.5,1.6,3.0,1.1,2.5,0.0,,0,Mixed-Use Locality
Grid_497,G,19.3,73.09,North Suburbs,0,0,0,0,0,0,0,0,0,0,0,0,0,0,0.0,0.0,0.0,0,0.0,0.0,0.0,0,0.0,0.0,0.0,0,0.0,0.0,0.0,0,0.0,0.0,0.0,0,0.0,0.0,0.0,0,0.0,0.0,0.0,0,0.0,0.0,0.0,0,0.0,0.0,0.0,0,0.0,0.0,0.0,,,,0.0,0.0,0.0,0.0,0.0,0.0,0.0,0.0,,0,Mixed-Use Locality
Grid_498,G,19.3,73.11,North Suburbs,0,0,0,0,0,4,0,0,0,0,0,0,0,0,0.0,0.0,0.0,0,0.0,0.0,0.0,0,0.0,0.0,0.0,0,0.0,0.0,0.0,0,0.0,0.0,0.0,0,0.0,0.0,0.0,0,0.0,0.0,0.0,0,0.0,0.0,0.0,0,0.0,0.0,0.0,0,0.0,0.0,0.0,,,,1.2,2.0,1.5,1.0,2.5,0.0,5.0,0.0,,0,Mixed-Use Locality
Grid_499,G,19.3,73.13,North Suburbs,0,0,0,0,0,0,0,0,0,0,0,0,0,0,0.0,0.0,0.0,0,0.0,0.0,0.0,0,0.0,0.0,0.0,0,0.0,0.0,0.0,0,0.0,0.0,0.0,0,0.0,0.0,0.0,0,0.0,0.0,0.0,0,0.0,0.0,0.0,0,0.0,0.0,0.0,0,0.0,0.0,0.0,,,,0.0,0.0,0.0,0.0,0.0,0.0,0.0,0.0,,0,Mixed-Use Locality
Grid_500,G,19.3,73.15,North Suburbs,0,0,0,0,0,0,0,0,0,0,0,0,0,0,0.0,0.0,0.0,0,0.0,0.0,0.0,0,0.0,0.0,0.0,0,0.0,0.0,0.0,0,0.0,0.0,0.0,0,0.0,0.0,0.0,0,0.0,0.0,0.0,0,0.0,0.0,0.0,0,0.0,0.0,0.0,0,0.0,0.0,0.0,,,,0.0,0.0,0.0,0.0,0.0,0.0,0.0,0.0,,0,Mixed-Use Locality
